filename,width,height,class,xmin,ymin,xmax,ymax
b6dd163f-dogs_00137.jpg,400,495,dog,180,133,276,386
b6d1937e-dogs_00168.jpg,396,500,dog,3,15,372,475
b679409c-dogs_00493.jpg,334,499,dog,6,109,270,419
b676f391-panda_00558.jpg,500,375,panda,45,90,390,367
b634b980-dogs_00360.jpg,500,499,dog,70,34,400,469
b6041027-dogs_00475.jpg,199,200,dog,49,74,153,194
b5c13fa2-dogs_00425.jpg,500,374,dog,0,14,315,351
b59704be-dogs_00275.jpg,381,350,dog,22,10,331,339
b54b6a3a-dogs_00875.jpg,199,150,dog,63,6,151,145
b532e772-dogs_00492.jpg,499,444,dog,34,31,479,435
b51c7fce-dogs_00769.jpg,326,500,dog,61,85,264,400
b5032428-cats_00303.jpg,500,409,cat,285,40,485,323
b4f5fbf3-dogs_00901.jpg,430,500,dog,146,130,331,390
b4eb2718-cats_00296.jpg,324,333,cat,25,3,307,323
b4c663ec-cats_00868.jpg,150,113,cat,9,13,82,108
b4ad5ce2-panda_00774.jpg,576,432,panda,5,0,547,401
b4999463-panda_00851.jpg,486,500,panda,34,40,427,485
b47b1179-cats_00887.jpg,500,470,cat,35,0,445,441
b4767c70-cats_00859.jpg,320,239,cat,16,0,249,219
b460c0b9-dogs_00494.jpg,335,499,dog,10,44,291,489
b436a951-panda_00102.jpg,500,375,panda,220,75,400,240
b42147f2-dogs_00278.jpg,499,351,dog,9,17,464,340
b41fd03a-cats_00404.jpg,500,374,cat,115,22,415,246
b41cc260-panda_00786.jpg,500,375,panda,85,75,305,367
b415f20a-cats_00579.jpg,499,375,cat,74,11,384,352
b3bd9e9b-dogs_00255.jpg,319,282,dog,12,16,299,279
b3974a42-panda_00426.jpg,500,330,panda,35,33,385,306
b35737d2-cats_00751.jpg,499,375,cat,129,0,394,367
b304ffa3-cats_00281.jpg,499,370,cat,9,14,489,247
b2fadf3e-panda_00477.jpg,500,375,panda,55,97,430,307
b2f033b8-panda_00110.jpg,468,500,panda,18,15,416,480
b2d79809-dogs_00580.jpg,499,375,dog,99,0,439,311
b2d6f078-dogs_00009.jpg,500,374,dog,135,0,330,359
b2d2ba92-cats_00314.jpg,329,330,cat,23,69,315,320
b28847fb-dogs_00691.jpg,182,200,dog,14,10,147,178
b2836573-cats_00492.jpg,335,360,cat,46,10,284,342
b2380671-cats_00914.jpg,499,333,cat,0,49,494,276
b1f07a8b-cats_00497.jpg,399,360,cat,23,7,307,342
b1eb2b65-panda_00557.jpg,500,333,panda,85,79,305,286
b1b831f4-cats_00348.jpg,499,375,cat,149,52,379,371
b12ded43-panda_00867.jpg,500,375,panda,25,33,455,356
b111386c-panda_00184.jpg,500,334,panda,35,36,295,257
b10f3582-panda_00364.jpg,500,375,panda,200,116,405,228
b1014afb-dogs_00286.jpg,374,500,dog,0,85,340,485
b0feaeb4-cats_00397.jpg,500,375,cat,100,75,400,322
b0f83b72-panda_00107.jpg,500,334,panda,220,103,410,267
b0cca701-cats_00533.jpg,499,350,cat,109,70,394,259
b0bd1b77-panda_00798.jpg,384,252,panda,115,32,330,236
b0b650e6-cats_00791.jpg,500,413,cat,70,0,465,384
b04cfd63-cats_00784.jpg,192,155,cat,7,15,174,153
aff9d417-cats_00606.jpg,374,500,cat,41,25,366,495
afad3267-panda_00308.jpg,133,230,panda,7,135,98,211
af950be0-dogs_00576.jpg,399,266,dog,59,63,375,212
af80aa6d-panda_00310.jpg,500,333,panda,20,39,330,316
af4b891c-cats_00860.jpg,409,308,cat,28,67,372,304
af3ccd54-panda_00105.jpg,600,479,panda,102,148,204,263
af1b3b70-panda_00990.jpg,774,864,panda,325,328,750,838
af121f22-dogs_00630.jpg,437,500,dog,87,80,367,450
aed3fe3a-dogs_00604.jpg,499,410,dog,34,16,359,405
ae6f6987-panda_00348.jpg,500,333,panda,75,43,335,319
ae66282d-cats_00307.jpg,258,346,cat,36,0,234,342
ae64601f-cats_00684.jpg,500,415,cat,55,0,490,348
ae1ba2ef-dogs_00617.jpg,247,240,dog,39,4,207,237
adfa4591-panda_00213.jpg,500,375,panda,70,22,350,236
adeaf228-dogs_00785.jpg,329,362,dog,29,32,296,358
ade19505-dogs_00004.jpg,327,499,dog,35,0,268,479
adb0dd39-cats_00465.jpg,476,499,cat,38,9,404,494
ad88dd7a-dogs_00702.jpg,199,199,dog,3,5,189,197
ad7a4512-panda_00866.jpg,500,375,panda,65,63,395,352
ad65d766-dogs_00028.jpg,307,408,dog,58,28,273,346
ad4be686-panda_00856.jpg,500,375,panda,115,48,485,371
ad0f9a2c-panda_00126.jpg,500,375,panda,165,22,385,322
acf65ba0-dogs_00027.jpg,386,499,dog,100,19,320,474
acbedbe0-cats_00515.jpg,500,374,cat,15,7,465,329
ac8ec43c-panda_00255.jpg,500,375,panda,120,202,320,333
ac66469c-cats_00960.jpg,239,240,cat,9,45,217,168
ac4c9247-panda_00182.jpg,500,375,panda,185,3,440,352
ac3bab49-panda_00383.jpg,500,375,panda,25,45,330,367
ac2c2f94-dogs_00646.jpg,456,499,dog,4,19,428,494
ac236eef-dogs_00480.jpg,355,405,dog,21,8,340,392
ac16437a-dogs_00312.jpg,253,500,dog,22,20,242,495
ac16106c-panda_00218.jpg,500,326,panda,10,26,275,306
ac0942ab-panda_00280.jpg,500,375,panda,120,60,355,322
ac011e18-panda_00228.jpg,500,374,panda,135,119,475,239
abcf969e-panda_00959.jpg,500,375,panda,140,67,340,285
ab9fb5cc-cats_00975.jpg,499,499,cat,19,54,444,429
ab812196-panda_00301.jpg,500,332,panda,80,92,440,278
ab73cd96-cats_00677.jpg,349,206,cat,31,12,303,170
ab6fce68-dogs_00915.jpg,394,422,dog,27,25,382,413
ab43d40c-cats_00577.jpg,389,258,dog,128,2,373,237
ab2df4a7-dogs_00920.jpg,180,275,dog,5,8,165,247
ab183bb3-dogs_00695.jpg,236,331,dog,23,0,198,324
aafdb839-dogs_00412.jpg,499,340,dog,349,146,489,336
aab23e56-dogs_00281.jpg,500,332,dog,125,46,355,318
aaa0b10a-dogs_00091.jpg,500,374,dog,210,78,340,172
aa95e56e-dogs_00434.jpg,350,261,dog,98,0,231,221
aa79eb32-dogs_00983.jpg,500,374,dog,165,164,320,258
aa4e4737-panda_00776.jpg,500,375,panda,265,48,395,277
aa41a963-cats_00954.jpg,499,375,cat,89,82,354,363
aa2b5ab7-cats_00229.jpg,172,269,cat,15,13,154,258
aa264936-dogs_00514.jpg,499,409,dog,64,40,484,351
aa1f5ec6-panda_00615.jpg,500,338,panda,120,6,440,324
aa165e84-panda_00520.jpg,600,400,panda,144,64,414,328
a9fc311b-panda_00599.jpg,500,375,panda,75,37,445,371
a97eaba8-cats_00993.jpg,310,399,cat,9,31,241,387
a96e087a-cats_00822.jpg,499,377,cat,129,0,404,365
a95fc8b7-cats_00770.jpg,449,317,cat,0,15,381,275
a94faa54-panda_00896.jpg,500,375,panda,140,45,435,345
a91cbcc9-dogs_00220.jpg,265,399,dog,15,19,259,371
a87ce951-dogs_00416.jpg,500,353,dog,5,49,475,338
a84e07b8-cats_00823.jpg,224,279,cat,4,0,215,262
a84d70fe-panda_00098.jpg,500,459,panda,35,45,450,454
a845c2a3-cats_00388.jpg,499,333,cat,4,29,379,299
a84153c9-panda_00296.jpg,500,375,panda,0,3,465,348
a837dc86-panda_00192.jpg,500,375,panda,175,0,445,333
a81c60ec-panda_00797.jpg,500,375,panda,130,60,370,262
a81a29fa-panda_00781.jpg,690,840,panda,27,8,634,798
a80b08e9-dogs_00939.jpg,500,396,dog,30,19,400,352
a803cc4e-panda_00571.jpg,437,500,panda,34,45,358,470
a7ececa0-panda_00215.jpg,500,375,panda,50,3,370,371
a7c027ba-panda_00027.jpg,500,375,panda,125,30,430,303
a7be80b6-cats_00862.jpg,499,332,cat,44,39,464,318
a7bdd07a-dogs_00348.jpg,364,318,dog,32,0,294,311
a7aa2478-dogs_00046.jpg,422,402,dog,63,44,354,389
a79f4687-panda_00377.jpg,500,483,panda,45,43,470,429
a770fae8-cats_00711.jpg,500,494,cat,45,9,375,484
a7635b71-cats_00920.jpg,500,486,cat,110,34,455,398
a7572a05-cats_00958.jpg,500,418,cat,25,0,480,388
a7545461-panda_00365.jpg,500,375,panda,135,60,315,326
a728e3b0-panda_00282.jpg,500,375,panda,0,112,445,318
a6dbefee-panda_00772.jpg,500,375,panda,265,82,495,356
a6ce4978-cats_00384.jpg,500,374,cat,205,100,295,321
a6c0355f-cats_00806.jpg,500,374,cat,0,33,490,347
a6b5a09b-cats_00658.jpg,274,302,cat,13,3,260,283
a69738d4-panda_00779.jpg,375,500,panda,33,50,348,485
a6344fd1-cats_00558.jpg,500,332,cat,140,63,325,199
a62ab0cb-cats_00285.jpg,327,500,cat,39,35,264,470
a5e5d7f0-panda_00964.jpg,500,336,panda,0,13,410,332
a5bdab5b-panda_00373.jpg,500,375,panda,65,11,480,360
a5ab05b4-dogs_00788.jpg,299,226,dog,14,31,266,221
a5aaab1e-cats_00584.jpg,499,375,cat,104,0,344,363
a5541c10-panda_00681.jpg,640,425,panda,108,85,454,357
a53d7414-dogs_00036.jpg,500,374,dog,70,3,360,366
a52b8363-dogs_00442.jpg,499,375,dog,4,18,479,311
a52888e8-dogs_00382.jpg,355,500,dog,7,0,340,490
a5168bbc-panda_00115.jpg,500,375,panda,55,82,405,360
a5148b4f-cats_00526.jpg,247,250,cat,17,2,219,245
a4dcb4ec-panda_00745.jpg,500,375,panda,10,247,490,371
a492c22f-panda_00916.jpg,375,500,panda,97,170,258,430
a46bc3fe-dogs_00352.jpg,375,499,dog,18,74,292,474
a45b2fcf-panda_00559.jpg,500,375,panda,55,146,360,360
a42a350b-dogs_00980.jpg,374,500,dog,59,65,359,450
a3f4a2dd-dogs_00998.jpg,499,373,dog,59,29,484,365
a3e94f51-dogs_00180.jpg,499,375,dog,69,56,439,341
a3de7b01-panda_00527.jpg,355,532,panda,78,42,298,478
a3d4f85c-panda_00281.jpg,386,500,panda,34,70,331,435
a3d3fbae-cats_00668.jpg,500,347,cat,70,6,450,326
a3cc16d6-dogs_00404.jpg,213,222,dog,17,2,191,215
a39dd330-panda_00908.jpg,375,500,panda,11,95,345,490
a363ac0f-cats_00405.jpg,469,250,cat,28,30,417,232
a332a146-cats_00327.jpg,499,375,cat,79,0,354,360
a327327f-cats_00630.jpg,500,374,cat,110,67,365,243
a321a085-cats_00318.jpg,475,499,cat,9,19,446,459
a31256d4-panda_00508.jpg,500,433,panda,100,17,390,394
a30f9f97-dogs_00752.jpg,280,353,dog,61,17,240,349
a2d39ec0-panda_00225.jpg,500,375,panda,110,7,380,322
a2a7434c-dogs_00462.jpg,500,328,dog,45,9,480,265
a25753f4-dogs_00509.jpg,333,499,dog,19,49,289,459
a24806a9-cats_00691.jpg,310,288,cat,43,11,285,267
a22c3ae7-dogs_00521.jpg,277,406,dog,19,0,263,393
a20a0655-dogs_00344.jpg,400,312,dog,16,0,372,290
a1f9a3ac-panda_00387.jpg,500,375,panda,10,7,455,352
a1db8027-cats_00372.jpg,299,225,cat,0,4,230,141
a1d3122a-cats_00571.jpg,500,374,cat,165,14,470,317
a1c89426-panda_00320.jpg,500,333,panda,60,93,350,306
a1903f43-cats_00831.jpg,254,350,cat,27,21,218,318
a184df3b-cats_00532.jpg,499,375,cat,179,0,474,363
a17140c7-dogs_00503.jpg,328,448,dog,9,13,308,416
a15ca4f1-cats_00308.jpg,469,310,cat,14,3,436,303
a1436772-panda_00417.jpg,500,375,panda,70,82,465,322
a1412fb3-dogs_00368.jpg,460,346,dog,59,6,450,273
a128a62d-cats_00950.jpg,240,179,cat,69,51,136,137
a128530a-cats_00816.jpg,500,333,cat,60,9,465,279
a0b7f948-dogs_00642.jpg,332,500,dog,13,30,322,465
a091c2d0-cats_00665.jpg,500,432,cat,70,43,440,380
a0412538-panda_00701.jpg,500,375,panda,170,180,330,330
a039303a-cats_00682.jpg,399,411,cat,55,32,339,386
a01fdfd1-panda_00404.jpg,447,500,panda,17,20,424,475
a01da28f-panda_00715.jpg,500,375,panda,110,15,380,363
a0082616-dogs_00672.jpg,449,450,dog,35,54,426,387
9fea0e20-dogs_00388.jpg,282,287,dog,33,28,265,284
9fcd915e-panda_00961.jpg,500,375,panda,190,146,320,202
9fb9c7b1-panda_00484.jpg,500,332,panda,350,205,480,325
9f56f8c2-dogs_00740.jpg,500,374,dog,80,3,420,351
9f32b750-dogs_00757.jpg,429,460,dog,145,46,364,446
9f276b26-cats_00576.jpg,499,334,cat,234,53,434,330
9f118d67-cats_00326.jpg,500,374,cat,20,3,445,359
9efd18bb-cats_00365.jpg,499,375,cat,114,108,254,333
9eeeb8a2-dogs_00999.jpg,499,375,dog,129,11,454,337
9eb2030a-panda_00857.jpg,500,293,panda,70,73,410,254
9e91425c-cats_00895.jpg,500,377,cat,165,0,395,278
9e912376-dogs_00946.jpg,340,320,dog,85,38,159,272
9e8ef7fe-cats_00949.jpg,319,240,cat,60,2,258,175
9e79aa71-dogs_00940.jpg,399,313,dog,35,34,339,253
9e5b0b24-cats_00830.jpg,225,262,cat,20,7,207,259
9e4fcefa-cats_00529.jpg,361,499,cat,61,0,303,444
9e14c811-dogs_00843.jpg,384,331,dog,38,19,349,327
9ddf33ee-dogs_00049.jpg,349,438,dog,45,0,293,381
9ddb935c-panda_00091.jpg,500,375,panda,180,86,340,345
9da3f38d-panda_00392.jpg,375,500,panda,26,40,333,445
9d9ce8e9-dogs_00877.jpg,500,393,dog,45,7,425,389
9d6efed7-dogs_00421.jpg,499,374,dog,34,59,364,332
9d6d5362-dogs_00474.jpg,150,201,dog,16,32,126,178
9d6aee63-cats_00368.jpg,411,336,cat,4,0,390,325
9d595a0d-dogs_00129.jpg,235,256,dog,61,30,162,217
9d231d3f-dogs_00732.jpg,250,250,dog,7,20,225,235
9d19d90b-panda_00336.jpg,496,500,panda,89,85,416,490
9d0e5868-panda_00920.jpg,500,375,panda,65,48,440,363
9cfa4aab-dogs_00638.jpg,500,374,dog,35,104,435,291
9cf2e54c-dogs_00967.jpg,172,212,dog,20,10,151,203
9ce35749-panda_00328.jpg,500,492,panda,65,83,420,477
9ccd2be3-panda_00983.jpg,500,423,panda,55,42,455,308
9cb59998-panda_00506.jpg,500,375,panda,105,33,460,356
9c374bd5-dogs_00565.jpg,499,375,dog,69,33,324,363
9c0bf563-dogs_00029.jpg,499,375,dog,219,48,374,330
9bd0820c-panda_00455.jpg,800,800,panda,88,184,728,784
9bbf5c0a-panda_00133.jpg,500,375,panda,160,30,435,367
9baeaaac-cats_00899.jpg,499,332,cat,194,89,439,302
9b8dd467-cats_00854.jpg,191,196,cat,24,49,147,196
9b5d3cb2-panda_00720.jpg,500,334,panda,185,36,495,330
9b301289-dogs_00908.jpg,234,243,dog,30,29,219,235
9b0dda65-panda_00665.jpg,500,375,panda,10,150,435,352
9b0a7650-panda_00236.jpg,500,375,panda,65,67,400,356
9b032269-panda_00157.jpg,500,350,panda,175,105,475,346
9ac24232-panda_00458.jpg,500,375,panda,115,101,405,363
9a9f741a-panda_00850.jpg,500,375,panda,135,7,410,360
9a6829f5-cats_00866.jpg,369,368,cat,73,92,354,312
9a493107-panda_00914.jpg,500,233,panda,55,34,445,219
9a3a51b0-dogs_00738.jpg,375,499,dog,123,24,337,369
9a39c177-panda_00802.jpg,437,500,panda,43,40,380,425
9a26788f-cats_00686.jpg,500,374,cat,10,48,485,284
99d7e4e2-panda_00828.jpg,500,335,panda,40,16,420,318
99d669aa-dogs_00979.jpg,479,499,dog,19,19,440,469
99bb85bb-cats_00309.jpg,499,420,cat,69,0,449,378
997de730-dogs_00298.jpg,265,400,dog,18,8,246,384
994967f7-panda_00553.jpg,500,375,panda,185,67,465,277
990e536c-dogs_00336.jpg,500,499,dog,40,0,475,484
98e84b9f-cats_00493.jpg,350,222,cat,10,13,343,157
98dcfe78-cats_00811.jpg,344,463,cat,34,55,227,412
982b9aa0-dogs_00153.jpg,185,219,dog,33,32,144,201
9814e109-dogs_00444.jpg,499,375,dog,119,67,419,352
980faeb4-panda_00036.jpg,500,375,panda,105,45,390,345
980f1e22-dogs_00289.jpg,434,499,dog,56,14,399,484
980d8458-panda_00085.jpg,500,334,panda,100,136,340,213
97e68ba4-dogs_00802.jpg,499,375,dog,134,45,359,356
97cbcb1b-panda_00397.jpg,500,334,panda,145,86,375,280
97cb1cf3-dogs_00541.jpg,199,190,dog,45,0,147,178
97a8c576-dogs_00117.jpg,499,375,dog,99,112,304,356
976c63eb-cats_00926.jpg,352,379,cat,28,18,334,363
9744c95c-dogs_00582.jpg,359,197,dog,14,29,154,147
96b8bbed-panda_00246.jpg,500,375,panda,50,37,470,288
96b4149a-cats_00302.jpg,499,375,cat,29,30,324,367
964d36eb-cats_00406.jpg,499,375,cat,74,123,344,371
964977bd-panda_00240.jpg,500,375,panda,90,45,450,345
960f7257-dogs_00504.jpg,500,374,dog,25,48,450,306
95d0383e-cats_00412.jpg,346,499,cat,58,54,287,484
95c51112-panda_00029.jpg,500,375,panda,230,86,380,303
95bff022-dogs_00653.jpg,375,499,dog,78,269,217,494
959db827-panda_00189.jpg,500,447,panda,50,17,460,424
958a3c59-panda_00545.jpg,500,375,panda,105,60,405,360
956cc19c-panda_00232.jpg,240,320,panda,98,44,216,230
9566c47f-dogs_00291.jpg,186,138,dog,55,37,124,133
95523821-cats_00373.jpg,380,348,cat,60,41,342,330
951c2e53-panda_00370.jpg,500,469,panda,120,42,415,412
94f443b5-dogs_00763.jpg,499,368,dog,244,3,469,290
94ed483b-panda_00425.jpg,302,276,panda,18,13,241,253
947f4f9f-cats_00338.jpg,500,374,cat,50,14,480,299
947e78f3-cats_00999.jpg,287,343,cat,8,13,255,329
94712cd1-panda_00423.jpg,500,400,panda,20,20,430,352
943aee20-dogs_00406.jpg,361,499,dog,108,9,317,479
93f23917-dogs_00392.jpg,299,320,dog,23,9,248,304
93ba605f-panda_00833.jpg,500,375,panda,135,78,445,360
9391310a-panda_00868.jpg,650,514,panda,214,149,494,364
93690e44-dogs_00296.jpg,180,269,dog,3,5,174,223
934126c1-cats_00996.jpg,500,374,cat,140,56,425,355
92fd56a7-dogs_00960.jpg,500,332,dog,65,6,445,328
92f5554a-panda_00004.jpg,375,500,panda,11,45,371,460
92e948f5-cats_00624.jpg,499,338,cat,269,3,484,310
92dee948-cats_00653.jpg,479,321,cat,38,6,450,285
92dd5204-cats_00511.jpg,374,500,cat,3,0,340,355
92d99e0f-cats_00715.jpg,200,136,cat,0,20,198,114
92afd73b-panda_00169.jpg,375,500,panda,101,50,330,325
92a5dd7c-panda_00872.jpg,500,375,panda,95,56,405,356
929eb761-cats_00228.jpg,499,375,cat,9,3,259,348
92852a1c-dogs_00217.jpg,205,328,dog,0,9,194,298
92330fe7-panda_00479.jpg,500,334,panda,170,96,340,320
921c3319-cats_00506.jpg,274,500,cat,21,25,257,495
91fd6619-panda_00171.jpg,500,375,panda,170,127,430,292
91df1b3d-panda_00367.jpg,418,500,panda,54,30,380,480
91c3211a-cats_00582.jpg,199,103,cat,113,0,191,94
91bf9898-panda_00132.jpg,600,412,panda,90,24,474,350
91aa474c-dogs_00552.jpg,499,375,dog,134,52,429,360
917cc82e-dogs_00366.jpg,499,375,dog,44,0,359,360
9170f038-cats_00489.jpg,300,432,cat,87,4,267,155
916e2a1c-panda_00514.jpg,500,375,panda,25,0,375,352
9144a45a-dogs_00641.jpg,500,374,dog,5,74,475,351
9118d1c0-panda_00835.jpg,428,594,panda,59,5,393,475
90f7d0ad-panda_00700.jpg,500,386,panda,0,23,350,358
90c8df75-dogs_00838.jpg,375,499,dog,41,24,341,489
908e49ec-panda_00331.jpg,500,407,panda,20,0,460,402
9064260e-dogs_00314.jpg,500,374,dog,40,104,435,362
9063170b-dogs_00157.jpg,295,479,dog,56,0,271,459
9062415b-dogs_00363.jpg,500,374,dog,105,33,340,321
90449382-panda_00622.jpg,795,768,panda,47,0,667,583
903957ca-cats_00977.jpg,500,374,cat,380,89,490,362
900a73c5-dogs_00057.jpg,350,313,dog,49,25,332,272
8fe7c1bd-dogs_00884.jpg,499,375,dog,114,0,444,356
8fa4f945-cats_00466.jpg,481,500,cat,52,0,447,475
8f7bdb95-dogs_00347.jpg,500,428,dog,45,12,470,415
8f6cc9c1-cats_00836.jpg,474,316,cat,52,0,374,249
8effbda7-panda_00212.jpg,375,500,panda,30,0,341,475
8efb26ff-cats_00883.jpg,499,390,cat,39,7,484,366
8ef43c48-dogs_00225.jpg,500,373,dog,0,33,440,361
8ed58c73-cats_00875.jpg,500,374,cat,230,100,355,265
8ea55b46-cats_00299.jpg,274,454,cat,16,0,252,435
8e9c20e0-panda_00642.jpg,500,375,panda,95,0,405,363
8e8e5f80-panda_00605.jpg,500,375,panda,165,56,350,285
8e7502a4-dogs_00287.jpg,500,374,dog,185,52,405,355
8e71e539-panda_00339.jpg,500,334,panda,0,66,310,240
8e34b959-panda_00992.jpg,500,375,panda,120,52,370,228
8e08d930-dogs_00303.jpg,265,299,dog,5,8,233,296
8db2df5b-panda_00591.jpg,500,334,panda,290,110,440,277
8d8b09d6-panda_00150.jpg,500,375,panda,235,93,400,311
8d864231-dogs_00909.jpg,158,136,dog,9,6,156,115
8d7e9820-dogs_00381.jpg,500,374,dog,140,0,430,246
8d5e1c92-dogs_00420.jpg,276,234,dog,13,16,256,224
8d42482b-dogs_00588.jpg,400,398,dog,16,59,376,390
8d2091df-cats_00871.jpg,500,374,cat,145,22,310,351
8d09109f-panda_00784.jpg,1024,768,panda,399,491,839,729
8ce07a79-panda_00589.jpg,500,334,panda,135,96,300,310
8cd8d6c2-dogs_00571.jpg,227,208,dog,99,99,188,203
8c8cec36-panda_00981.jpg,403,500,panda,64,25,378,470
8c6a7c68-dogs_00411.jpg,245,350,dog,34,14,218,339
8c4a43f8-panda_00149.jpg,500,375,panda,105,63,325,330
8c0d2b87-panda_00201.jpg,500,430,panda,20,12,460,391
8bf4eb95-cats_00851.jpg,383,500,cat,30,20,337,450
8bd8b4b3-cats_00575.jpg,499,375,cat,104,0,349,371
8bc943f8-cats_00217.jpg,480,359,cat,129,50,302,348
8b85bedb-cats_00897.jpg,195,222,cat,0,0,161,208
8b800a15-panda_00138.jpg,500,338,panda,125,23,480,310
8b76fe76-panda_00543.jpg,500,375,panda,80,75,485,281
8b6a7dd0-dogs_00125.jpg,500,374,dog,155,56,485,310
8b2f0d29-dogs_00299.jpg,499,448,dog,4,0,484,421
8ad391e0-panda_00641.jpg,500,375,panda,175,18,390,266
8ab51f98-panda_00861.jpg,500,375,panda,165,41,435,367
8aad19da-dogs_00231.jpg,344,499,dog,20,39,326,484
8a7e8015-cats_00266.jpg,350,261,cat,17,39,336,224
8a6d6edf-dogs_00985.jpg,178,239,dog,8,11,160,227
8a66fa12-panda_00658.jpg,500,332,panda,10,19,435,315
8a5fda04-panda_00737.jpg,500,375,panda,40,56,490,352
8a53c5e6-dogs_00266.jpg,483,500,dog,19,10,458,485
8a05c0d6-panda_00021.jpg,494,500,panda,9,35,464,490
89f5b985-panda_00187.jpg,500,334,panda,320,13,420,106
89f46938-cats_00891.jpg,336,446,cat,30,0,329,423
89dd3cf0-dogs_00092.jpg,341,380,dog,44,26,235,319
89db6096-cats_00798.jpg,450,455,cat,4,45,432,436
89d9030a-dogs_00959.jpg,288,296,dog,5,5,267,275
89b7dc65-panda_00323.jpg,500,375,panda,115,135,430,262
899bfaa3-dogs_00722.jpg,499,399,dog,109,47,434,363
8985cd4d-cats_00915.jpg,408,306,cat,0,9,363,244
89837cac-dogs_00195.jpg,499,371,dog,0,3,479,356
894cc04b-cats_00289.jpg,199,237,cat,13,42,177,208
89372654-cats_00551.jpg,319,480,cat,44,0,306,480
892918f7-dogs_00353.jpg,374,500,dog,48,115,325,455
89220de1-dogs_00559.jpg,500,374,dog,45,44,415,347
889bcc1e-dogs_00145.jpg,135,179,dog,16,17,124,171
888354ef-cats_00587.jpg,499,347,cat,44,34,454,281
887833bc-cats_00876.jpg,249,370,cat,32,55,219,355
8847052f-dogs_00249.jpg,404,414,dog,44,16,363,385
882ed57a-dogs_00861.jpg,413,479,dog,37,38,318,474
87b4a2ad-panda_00864.jpg,173,260,panda,34,2,150,239
878646dc-dogs_00242.jpg,499,405,dog,44,72,484,400
87559fef-cats_00865.jpg,440,369,cat,52,11,431,354
87444c05-cats_00432.jpg,500,389,cat,95,116,430,381
8726847e-cats_00595.jpg,199,200,cat,3,8,157,194
870acd76-panda_00101.jpg,500,375,panda,35,22,410,363
86f3d59e-panda_00691.jpg,500,334,panda,195,93,375,257
86a612d3-panda_00001.jpg,480,500,panda,0,80,432,415
867eb7f9-panda_00487.jpg,500,375,panda,190,30,430,326
86652c32-cats_00968.jpg,499,490,cat,89,73,409,426
863534d8-panda_00949.jpg,500,375,panda,165,45,425,333
861960c2-panda_00283.jpg,500,375,panda,125,71,355,371
85be9448-cats_00994.jpg,499,333,cat,139,3,384,316
85b68b1b-dogs_00241.jpg,336,431,dog,43,38,282,405
85a597c5-dogs_00644.jpg,254,384,dog,5,15,210,372
85650946-dogs_00239.jpg,455,314,dog,18,12,423,285
85502782-cats_00683.jpg,256,500,cat,12,10,238,490
853afe36-panda_00136.jpg,768,512,panda,0,117,614,501
85198369-cats_00395.jpg,499,332,cat,109,9,424,328
84ffd712-dogs_00954.jpg,282,370,dog,14,14,248,347
84ee4260-dogs_00333.jpg,431,288,dog,103,0,349,279
84c0d275-dogs_00699.jpg,500,374,dog,60,82,360,370
849ed77f-dogs_00311.jpg,499,375,dog,4,56,454,363
847ab6ee-cats_00982.jpg,268,219,cat,61,0,163,203
843972e8-dogs_00698.jpg,109,151,dog,8,1,103,143
8427dfff-panda_00643.jpg,319,463,panda,15,60,274,439
84093b3b-dogs_00715.jpg,349,262,dog,115,60,342,246
8407e209-dogs_00777.jpg,499,375,dog,184,75,354,360
83f0cb90-panda_00250.jpg,500,375,panda,10,90,315,363
83c5a2e8-cats_00413.jpg,500,374,cat,5,52,410,359
839e7f04-panda_00335.jpg,595,424,panda,95,29,505,398
839e0a64-panda_00285.jpg,375,500,panda,41,90,277,415
8381694b-panda_00526.jpg,494,500,panda,19,15,449,480
836b204f-panda_00645.jpg,500,375,panda,40,60,425,367
836af37e-cats_00997.jpg,500,374,cat,30,48,355,370
8368af76-dogs_00445.jpg,499,375,dog,49,3,424,363
83669edc-cats_00252.jpg,447,500,cat,4,35,384,485
83587ad4-dogs_00833.jpg,499,375,dog,0,0,464,367
834eb2c7-dogs_00681.jpg,366,379,dog,36,15,340,367
834614f6-panda_00565.jpg,500,375,panda,5,97,415,348
83326b39-panda_00381.jpg,500,334,panda,120,103,380,327
830319ec-dogs_00008.jpg,500,447,dog,75,71,400,357
83017b34-cats_00476.jpg,499,375,cat,19,52,384,356
82b5e0fc-panda_00408.jpg,500,334,panda,70,3,455,317
82af38f3-dogs_00372.jpg,379,454,dog,0,27,371,426
82a896b0-cats_00379.jpg,350,196,cat,168,3,336,182
829f0d37-panda_00159.jpg,500,375,panda,30,41,340,348
826b77a8-panda_00251.jpg,500,334,panda,215,133,290,197
8253dac1-panda_00041.jpg,500,375,panda,10,0,405,345
82486073-dogs_00665.jpg,499,375,dog,94,67,444,356
8226745b-panda_00855.jpg,500,375,panda,95,127,435,285
822337e9-panda_00788.jpg,500,334,panda,260,90,380,163
81d2862c-dogs_00596.jpg,374,476,dog,22,52,321,466
81c6182f-dogs_00038.jpg,499,375,dog,4,97,414,348
81bd19fe-panda_00273.jpg,500,334,panda,165,66,295,200
81b50758-panda_00399.jpg,500,375,panda,100,63,460,296
81ab1e2d-panda_00265.jpg,500,334,panda,170,86,300,260
81a40bb1-cats_00265.jpg,499,316,cat,9,25,439,300
818c4d57-cats_00242.jpg,260,447,cat,28,22,205,393
817914f5-dogs_00252.jpg,480,359,dog,38,46,393,351
8171742c-cats_00291.jpg,408,399,cat,93,255,322,387
814e9b9d-panda_00445.jpg,500,375,panda,85,33,425,371
810eaacb-dogs_00181.jpg,285,363,dog,19,10,256,348
80f01229-dogs_00791.jpg,499,375,dog,119,48,454,367
80ef2c10-dogs_00429.jpg,500,374,dog,150,14,420,306
80e6883a-panda_00193.jpg,500,334,panda,15,0,450,327
80e5bf50-cats_00470.jpg,499,375,cat,4,3,429,318
80da51ed-panda_00883.jpg,500,375,panda,60,41,375,371
809a0335-cats_00340.jpg,500,330,cat,25,23,425,320
80475f04-dogs_00534.jpg,287,359,dog,34,7,264,341
804505c6-cats_00601.jpg,499,375,cat,69,33,349,352
802acb0d-dogs_00728.jpg,499,331,dog,54,36,414,321
80027fe1-cats_00610.jpg,239,240,cat,19,9,217,213
7fb75366-cats_00230.jpg,500,374,cat,70,138,385,321
7fb442ff-cats_00882.jpg,499,375,cat,44,18,459,262
7f8f21c8-dogs_00723.jpg,499,375,dog,109,71,394,330
7f8cd314-cats_00555.jpg,500,466,cat,130,37,380,452
7f8975c4-dogs_00169.jpg,457,500,dog,77,80,397,485
7f2a89f2-panda_00998.jpg,500,375,panda,180,82,375,277
7f2a1a21-panda_00416.jpg,500,375,panda,255,135,425,251
7f0b8894-cats_00320.jpg,499,499,cat,34,29,439,459
7f08c765-panda_00400.jpg,500,444,panda,60,39,460,324
7eeeb4b7-dogs_00689.jpg,288,272,dog,14,32,262,266
7ed0fa0f-dogs_00040.jpg,499,464,dog,184,41,289,320
7ecd5e1f-dogs_00584.jpg,400,300,dog,108,84,288,276
7ebed6bc-dogs_00020.jpg,180,134,dog,50,14,109,112
7e950679-cats_00723.jpg,499,375,cat,119,63,364,337
7e93d1df-cats_00573.jpg,479,403,cat,28,24,354,370
7e8f2d46-panda_00030.jpg,500,334,panda,175,156,230,290
7e89ea34-cats_00371.jpg,379,499,cat,3,9,352,479
7e5b20bf-dogs_00039.jpg,291,500,dog,14,10,256,465
7e485234-dogs_00836.jpg,499,373,dog,124,0,494,253
7de4b949-panda_00887.jpg,500,472,panda,55,89,465,424
7dabcc43-panda_00996.jpg,500,375,panda,75,3,445,352
7da5cff2-panda_00427.jpg,500,491,panda,55,9,455,461
7d82a419-panda_00541.jpg,500,423,panda,20,54,450,393
7d764450-dogs_00663.jpg,386,499,dog,42,4,320,474
7d5e434b-dogs_00233.jpg,366,500,dog,7,45,314,460
7d292361-dogs_00050.jpg,345,391,dog,24,0,317,367
7d1e151d-cats_00754.jpg,465,500,cat,116,65,385,470
7c9b7fed-panda_00904.jpg,500,375,panda,45,37,425,356
7c6ad49d-dogs_00773.jpg,359,300,cat,28,3,337,279
7c1b9c49-dogs_00042.jpg,499,420,dog,109,58,349,378
7c17e3dd-panda_00224.jpg,500,334,panda,0,3,350,310
7c12bf38-cats_00849.jpg,500,374,cat,150,11,390,370
7c07385a-dogs_00551.jpg,400,266,dog,112,26,296,252
7bf76c03-panda_00711.jpg,500,375,panda,110,93,420,285
7be45085-panda_00631.jpg,375,500,panda,78,125,277,490
7bd2f6fb-panda_00607.jpg,500,375,panda,190,52,465,356
7af7680d-dogs_00079.jpg,301,499,dog,6,24,258,494
7aefee4f-panda_00247.jpg,410,310,panda,28,43,360,303
7ab03d5c-panda_00147.jpg,500,375,panda,125,112,390,363
7aadc3b5-panda_00233.jpg,500,375,panda,260,127,475,322
7a8c7256-dogs_00837.jpg,500,397,dog,15,15,475,377
7a6ecc03-dogs_00340.jpg,429,362,dog,42,61,377,322
7a55e181-dogs_00968.jpg,220,193,dog,8,0,202,187
7a281247-panda_00590.jpg,500,375,panda,115,127,315,333
7a26bd22-panda_00244.jpg,500,375,panda,25,108,110,198
7a21bcdb-panda_00612.jpg,700,528,panda,231,47,574,464
79fc3d6a-dogs_00742.jpg,500,374,dog,235,123,390,359
79c522cf-cats_00925.jpg,374,500,cat,33,35,340,485
79a701ea-panda_00405.jpg,500,375,panda,0,52,455,371
799e0f0f-panda_00488.jpg,417,500,panda,58,10,346,485
79941248-dogs_00059.jpg,186,237,dog,11,23,171,227
797d98f6-dogs_00346.jpg,499,340,dog,69,27,259,329
797874c2-cats_00983.jpg,499,375,cat,44,11,444,296
795eefb5-dogs_00811.jpg,499,375,dog,174,97,384,348
794adbff-dogs_00858.jpg,375,272,dog,15,35,360,247
7905092e-cats_00698.jpg,299,300,cat,17,18,236,288
78ea2e40-cats_00814.jpg,499,375,cat,89,0,389,371
78ca9aab-panda_00349.jpg,500,375,panda,125,153,305,228
78c533da-cats_00422.jpg,250,247,cat,5,4,245,197
78965f81-panda_00830.jpg,500,334,panda,165,93,340,330
786c69b0-cats_00903.jpg,181,224,cat,3,13,161,203
7864b1fb-cats_00236.jpg,237,249,cat,0,2,199,246
78492e73-dogs_00575.jpg,217,499,dog,4,54,197,479
78446d11-dogs_00683.jpg,249,407,dog,149,223,219,362
7819ab92-dogs_00144.jpg,499,375,dog,44,22,479,345
78066115-cats_00519.jpg,467,499,cat,46,14,429,444
77c6b9ca-panda_00476.jpg,500,334,panda,110,46,370,293
779cd0f6-cats_00250.jpg,500,374,cat,155,3,390,359
7789fed1-panda_00854.jpg,166,180,panda,39,14,144,118
7774c7f0-dogs_00427.jpg,314,499,dog,28,9,257,484
775a4507-dogs_00213.jpg,499,375,cat,99,18,249,288
7747a2da-cats_00646.jpg,333,500,cat,23,40,313,495
76e39544-panda_00079.jpg,500,334,panda,10,0,455,307
76bceb11-dogs_00274.jpg,287,500,dog,34,15,272,475
769e779f-dogs_00290.jpg,499,477,dog,44,14,444,453
7688c803-cats_00483.jpg,500,374,cat,50,59,480,329
76673c81-dogs_00335.jpg,500,331,dog,40,29,375,311
765bede6-dogs_00350.jpg,429,366,dog,51,36,373,358
765bc63a-cats_00844.jpg,370,500,cat,14,15,321,485
76260bdc-cats_00590.jpg,493,479,cat,14,4,389,459
762370f6-dogs_00380.jpg,500,374,dog,200,22,415,370
75ea9837-panda_00352.jpg,375,500,panda,48,55,360,495
75e4efc4-panda_00220.jpg,500,387,panda,190,77,450,371
75c21740-panda_00459.jpg,430,594,panda,189,41,417,267
7575cfeb-panda_00777.jpg,375,500,panda,187,90,333,450
756adc3c-panda_00919.jpg,500,333,panda,105,46,395,329
752c6dbb-dogs_00410.jpg,375,499,dog,7,29,371,464
752c048b-panda_00378.jpg,500,375,panda,120,0,390,367
75153cb0-panda_00619.jpg,500,334,panda,55,73,380,317
74f99bd9-dogs_00307.jpg,183,236,dog,73,63,140,193
74f05818-dogs_00643.jpg,500,332,dog,175,13,410,325
74ef444f-dogs_00523.jpg,455,471,dog,54,47,409,433
74ed499f-panda_00083.jpg,500,375,panda,220,127,315,251
74e40788-panda_00028.jpg,500,375,panda,195,15,470,198
74d3a67e-cats_00748.jpg,500,374,cat,15,7,440,355
74d0e336-panda_00093.jpg,500,375,panda,100,108,390,337
745cb9b9-dogs_00498.jpg,161,253,dog,11,17,149,227
74591754-panda_00698.jpg,500,443,panda,115,115,405,336
74025a0a-cats_00877.jpg,320,318,cat,6,3,204,314
73ef7d88-dogs_00138.jpg,230,250,dog,75,47,158,180
73e16661-cats_00796.jpg,328,368,cat,26,14,305,338
73def310-panda_00524.jpg,500,375,panda,175,26,435,363
73aab3e6-cats_00928.jpg,499,375,cat,69,3,464,371
73a8bd7b-dogs_00456.jpg,449,499,dog,17,9,435,474
736bc359-dogs_00919.jpg,169,152,dog,21,39,143,127
7352d45e-panda_00286.jpg,484,500,panda,33,20,440,485
732d69f9-dogs_00613.jpg,360,479,dog,0,100,349,455
731cdc45-dogs_00543.jpg,441,464,dog,8,55,401,445
7303d721-panda_00546.jpg,500,324,panda,120,132,345,259
72eaf4bc-cats_00919.jpg,500,374,cat,55,63,395,351
72be30f8-dogs_00407.jpg,500,374,dog,150,44,445,370
72bb5524-panda_00668.jpg,500,458,panda,10,36,465,444
72ba4d96-cats_00829.jpg,319,224,cat,102,60,165,190
72aab0d3-panda_00699.jpg,500,408,panda,30,40,445,403
72a5a21d-panda_00532.jpg,500,477,panda,60,33,470,448
72a531f6-dogs_00187.jpg,440,500,dog,52,0,426,485
728ebfd0-cats_00588.jpg,499,375,cat,44,112,359,251
726ff120-cats_00961.jpg,380,346,cat,64,0,277,318
7239e4dc-panda_00752.jpg,500,489,panda,15,29,440,474
72302599-panda_00204.jpg,500,375,panda,130,71,375,371
7223c43c-panda_00575.jpg,500,375,panda,80,7,495,337
720ec37c-panda_00931.jpg,500,333,panda,125,46,440,203
7206c006-panda_00442.jpg,500,323,panda,0,0,295,319
72031706-cats_00775.jpg,500,399,cat,140,11,435,319
71f5a175-dogs_00862.jpg,319,240,dog,44,31,277,199
71de2026-dogs_00041.jpg,500,229,dog,55,59,465,196
71d7311f-panda_00730.jpg,500,375,panda,55,78,320,356
718bd931-cats_00718.jpg,500,300,cat,340,63,470,231
7187fdfc-panda_00183.jpg,500,375,panda,140,48,285,311
717fa5cb-panda_00652.jpg,500,375,panda,235,18,495,251
714509a7-dogs_00387.jpg,499,375,dog,99,60,349,348
714326d2-dogs_00405.jpg,453,387,dog,40,178,412,379
7083c486-dogs_00373.jpg,436,500,dog,8,20,409,485
706c9d8b-cats_00431.jpg,343,499,cat,54,4,260,469
704dda73-panda_00016.jpg,375,500,panda,18,5,352,470
70297543-cats_00772.jpg,500,395,cat,10,11,465,371
700c1b48-panda_00686.jpg,500,375,panda,130,60,365,300
700140fa-dogs_00365.jpg,159,120,dog,4,12,146,114
6fe58ed0-cats_00690.jpg,500,374,cat,140,33,390,351
6fc6694e-panda_00257.jpg,500,466,panda,10,13,445,433
6f752272-panda_00722.jpg,500,391,panda,15,3,465,355
6f563666-panda_00419.jpg,500,375,panda,55,26,470,333
6f0264a3-panda_00629.jpg,467,500,panda,42,45,378,410
6ee33490-panda_00880.jpg,1600,1200,panda,832,276,1216,1080
6ed38241-cats_00639.jpg,124,129,cat,0,5,119,118
6ec93cb9-dogs_00238.jpg,141,128,dog,5,8,125,117
6eb77f38-cats_00461.jpg,299,223,cat,59,4,281,171
6e7cf6f4-cats_00637.jpg,500,374,cat,75,0,390,355
6e50757d-dogs_00678.jpg,473,447,dog,52,17,430,429
6e295bf6-dogs_00549.jpg,500,487,dog,100,29,440,457
6e22d415-cats_00762.jpg,499,400,cat,9,8,469,384
6e19aadd-dogs_00338.jpg,286,265,dog,14,2,268,254
6e139e0f-cats_00674.jpg,500,332,cat,80,39,305,315
6dcbc24d-dogs_00437.jpg,287,384,dog,2,34,269,364
6dafb6f1-cats_00792.jpg,500,374,cat,10,44,445,362
6da554f8-cats_00580.jpg,499,333,cat,89,39,444,309
6d98e217-panda_00299.jpg,500,333,panda,120,56,385,243
6d8bfe1b-cats_00786.jpg,370,335,cat,3,6,347,318
6d7bfcb9-cats_00247.jpg,320,249,cat,3,0,307,224
6d2b69ad-cats_00514.jpg,499,255,cat,9,17,484,239
6d1f08f1-cats_00675.jpg,449,246,cat,0,7,435,226
6c9fc3de-panda_00223.jpg,500,375,panda,10,0,470,375
6c484d25-dogs_00415.jpg,499,375,dog,124,37,374,330
6c45a8d1-panda_00037.jpg,500,375,panda,50,0,460,367
6c3b28e4-dogs_00923.jpg,102,149,dog,5,8,89,141
6c367ab4-cats_00223.jpg,398,400,cat,15,20,382,376
6c1617d1-panda_00596.jpg,500,375,panda,40,7,450,330
6c06a568-dogs_00876.jpg,500,333,dog,150,13,405,266
6c0431a9-dogs_00819.jpg,252,287,dog,32,17,231,278
6bfd9aef-dogs_00243.jpg,299,247,dog,8,22,281,234
6bdedfc3-cats_00268.jpg,499,375,cat,0,0,414,345
6bc834df-panda_00177.jpg,375,500,panda,56,115,292,430
6bbb3d76-panda_00893.jpg,500,334,panda,205,83,310,260
6b76ef97-cats_00351.jpg,330,447,cat,125,8,316,438
6b724b26-panda_00290.jpg,375,500,panda,97,130,258,360
6b680744-cats_00448.jpg,499,334,cat,24,120,224,320
6b290f6f-cats_00360.jpg,500,374,cat,90,134,455,306
6b1c6a3c-panda_00940.jpg,375,500,panda,37,255,345,480
6a8bce9f-panda_00511.jpg,188,250,panda,43,40,127,165
6a22fb9f-cats_00280.jpg,449,484,cat,125,14,417,445
69d9299a-panda_00277.jpg,500,375,panda,65,7,460,363
69b09bf6-panda_00318.jpg,500,375,panda,65,33,440,356
69959208-panda_00976.jpg,500,384,panda,25,15,465,376
695fcb1c-dogs_00433.jpg,160,200,dog,9,8,137,190
691d34e7-dogs_00128.jpg,499,375,dog,9,15,354,367
68969292-dogs_00606.jpg,500,288,dog,25,14,485,267
6895e27c-panda_00724.jpg,500,375,panda,65,33,445,326
6892f015-panda_00394.jpg,500,405,panda,20,24,420,364
6864d041-panda_00094.jpg,375,500,panda,41,50,337,370
6863673a-dogs_00977.jpg,500,374,dog,135,33,340,370
685f9162-dogs_00973.jpg,399,300,dog,83,69,259,216
68459d8a-panda_00608.jpg,1014,760,panda,253,167,851,478
68389100-panda_00985.jpg,500,375,panda,110,33,420,337
68336d29-dogs_00770.jpg,500,374,dog,185,112,300,306
682a3c52-cats_00731.jpg,500,410,cat,45,32,425,385
681b688c-panda_00594.jpg,500,375,panda,110,52,425,367
680ea535-cats_00916.jpg,500,374,cat,260,18,490,291
67e80f76-panda_00936.jpg,500,334,panda,165,100,285,313
67b0c4c1-panda_00162.jpg,500,375,panda,0,15,490,341
67b0a512-panda_00697.jpg,500,375,panda,5,0,410,367
67acfb87-panda_00276.jpg,500,375,panda,160,75,310,322
679a1a30-panda_00529.jpg,500,319,panda,0,66,480,315
677497a2-panda_00639.jpg,292,420,panda,0,0,245,252
6758c036-panda_00485.jpg,500,375,panda,50,86,335,367
67561419-panda_00647.jpg,500,490,panda,5,68,465,485
6751232a-dogs_00710.jpg,500,332,dog,185,122,290,252
673ce427-dogs_00896.jpg,500,396,dog,50,138,380,388
67325c8a-cats_00241.jpg,349,262,cat,0,107,191,259
672f6cba-panda_00762.jpg,500,316,panda,20,34,450,268
66fbff29-dogs_00383.jpg,154,176,dog,36,19,150,168
66d7bf6a-panda_00994.jpg,500,389,panda,240,167,355,299
66d6f6cd-dogs_00941.jpg,500,374,dog,205,59,340,340
65db405e-cats_00377.jpg,500,374,cat,190,93,470,359
65d90183-dogs_00546.jpg,500,380,dog,150,7,475,376
65d2e4e0-cats_00311.jpg,499,375,cat,44,75,484,266
659f5aec-dogs_00690.jpg,500,316,dog,45,9,460,293
6594d0d1-dogs_00171.jpg,464,499,dog,32,39,422,464
6579b5c2-cats_00955.jpg,500,374,cat,85,7,480,366
65797582-panda_00334.jpg,500,375,panda,0,37,390,341
656869e0-panda_00230.jpg,500,375,panda,170,112,420,243
655c9cca-cats_00921.jpg,364,243,cat,32,63,302,201
654894eb-dogs_00343.jpg,293,352,dog,70,10,257,337
6534c976-cats_00843.jpg,299,322,cat,59,12,278,315
650d3fc8-panda_00564.jpg,500,375,panda,80,56,460,371
64b3c3c5-panda_00039.jpg,500,375,panda,5,45,455,337
64ae224a-cats_00335.jpg,350,304,cat,38,127,119,240
649d56d5-cats_00687.jpg,375,271,cat,7,40,341,230
6491dab0-panda_00231.jpg,750,541,panda,165,129,555,340
64449a78-panda_00437.jpg,500,375,panda,70,7,430,315
642781d6-dogs_00538.jpg,368,499,dog,22,19,342,469
63fd08c1-dogs_00929.jpg,375,345,dog,105,65,300,272
63d085b2-dogs_00271.jpg,499,375,dog,79,7,379,371
63b3e61b-dogs_00931.jpg,286,299,dog,5,14,254,281
638395de-dogs_00422.jpg,399,280,dog,139,47,379,238
6340e98c-cats_00965.jpg,399,315,cat,35,6,375,299
63318e4d-cats_00974.jpg,500,374,cat,140,14,320,347
631ef6e6-dogs_00439.jpg,299,295,dog,11,0,269,277
62d7ebaa-cats_00990.jpg,349,266,cat,122,29,226,242
62d15935-panda_00023.jpg,500,475,panda,15,23,465,460
62ae72b5-panda_00148.jpg,500,375,panda,130,45,415,330
625b9bc4-panda_00581.jpg,460,500,panda,36,20,404,435
61f634ab-panda_00474.jpg,500,375,panda,20,0,400,322
61dfa493-dogs_00725.jpg,346,500,dog,79,30,280,410
61d969a7-panda_00120.jpg,500,375,panda,100,60,320,345
61d12b72-dogs_00062.jpg,497,282,dog,238,95,362,245
61bdf5db-dogs_00984.jpg,349,350,dog,83,91,251,245
6193d748-panda_00144.jpg,500,375,panda,140,105,425,277
61846741-dogs_00448.jpg,408,408,dog,12,12,387,383
616aff48-cats_00537.jpg,287,183,cat,17,5,275,164
61313689-panda_00928.jpg,442,594,panda,0,35,419,528
6130c2c9-panda_00623.jpg,500,375,panda,230,82,415,356
61266851-panda_00796.jpg,500,375,panda,100,0,360,371
60f74df3-panda_00653.jpg,461,500,panda,32,30,437,480
60ec44f1-dogs_00607.jpg,375,499,dog,67,69,363,479
60d5a4bd-panda_00309.jpg,500,375,panda,70,52,385,360
607d312a-dogs_00986.jpg,400,299,dog,40,38,296,290
607bc3e5-dogs_00053.jpg,499,318,dog,89,44,414,286
6076725c-panda_00516.jpg,500,375,panda,150,75,420,345
6067c167-dogs_00950.jpg,319,323,dog,22,12,277,300
603b89ce-dogs_00399.jpg,188,378,dog,24,18,150,366
6038482f-panda_00760.jpg,500,375,panda,140,63,360,277
6024ee83-panda_00980.jpg,500,334,panda,105,46,440,317
6024afdf-panda_00827.jpg,500,375,panda,5,48,435,363
601d9abe-panda_00738.jpg,500,375,panda,230,82,435,247
5feaedea-panda_00984.jpg,500,334,panda,60,50,435,323
5fd34b70-cats_00659.jpg,200,199,cat,8,7,192,161
5f24ee71-panda_00790.jpg,500,375,panda,110,78,440,356
5f1afdaa-dogs_00280.jpg,385,278,dog,50,44,361,239
5f0e54d9-panda_00897.jpg,500,375,panda,0,3,390,360
5ec7246d-panda_00881.jpg,500,375,panda,25,7,450,367
5e6fb774-dogs_00648.jpg,352,322,dog,3,0,323,305
5e59b285-dogs_00306.jpg,500,369,dog,55,36,465,317
5e3875d9-panda_00188.jpg,500,332,panda,40,9,385,318
5e325bd9-dogs_00826.jpg,490,499,dog,63,14,436,479
5e2b833d-dogs_00064.jpg,500,374,dog,160,78,400,355
5e25a137-panda_00139.jpg,500,375,panda,175,78,380,337
5e09142f-panda_00955.jpg,292,293,panda,5,5,283,269
5deadcba-panda_00415.jpg,790,527,panda,47,52,766,505
5deace0b-dogs_00550.jpg,348,278,dog,31,5,299,264
5de9a26f-panda_00421.jpg,500,375,panda,215,82,415,255
5dd797f2-dogs_00526.jpg,398,313,dog,11,9,386,269
5dd56887-dogs_00063.jpg,374,500,dog,48,0,355,495
5db94256-dogs_00677.jpg,500,452,dog,25,36,470,424
5d960c1e-panda_00009.jpg,500,375,panda,110,67,370,371
5d8fc246-cats_00712.jpg,500,374,cat,155,0,440,336
5d890c87-cats_00758.jpg,500,374,cat,65,67,480,329
5d7bb781-dogs_00587.jpg,499,375,dog,4,3,424,356
5d60c2ff-dogs_00015.jpg,499,375,dog,109,105,419,363
5cc27673-dogs_00829.jpg,332,499,dog,146,199,322,404
5cb7c8de-dogs_00814.jpg,500,312,dog,45,49,480,240
5c8b3794-cats_01000.jpg,375,499,cat,52,79,352,434
5c580bfb-dogs_00817.jpg,500,476,dog,5,9,485,433
5c506816-dogs_00553.jpg,332,500,dog,36,10,322,490
5c2c22da-panda_00942.jpg,500,375,panda,45,0,490,348
5c20ab9d-dogs_00487.jpg,500,397,dog,10,3,485,381
5c186b36-panda_00695.jpg,500,375,panda,95,63,310,300
5c080c46-panda_00900.jpg,500,375,panda,165,30,390,345
5bf9dfda-cats_00764.jpg,375,499,cat,82,0,356,484
5bebfaad-dogs_00208.jpg,275,237,dog,2,7,231,208
5ba573f5-panda_00578.jpg,500,375,panda,75,78,445,292
5ba2d73b-dogs_00032.jpg,440,495,dog,57,44,343,470
5ba194fd-dogs_00078.jpg,332,479,dog,19,0,308,474
5b8bbf06-dogs_00309.jpg,385,396,dog,69,19,304,392
5b85db08-panda_00456.jpg,500,375,panda,100,37,480,367
5b813349-dogs_00105.jpg,499,392,dog,9,3,479,376
5b6c0c1b-cats_00724.jpg,274,210,cat,27,16,210,186
5b615ef7-cats_00611.jpg,450,417,cat,9,16,436,404
5b4130b3-cats_00389.jpg,300,499,cat,12,4,285,484
5b32fd46-panda_00954.jpg,500,375,panda,5,3,365,315
5b1bf940-dogs_00305.jpg,301,366,dog,39,21,243,358
5affd739-dogs_00297.jpg,92,113,dog,2,0,89,111
5ae71614-dogs_00223.jpg,499,375,dog,99,26,454,363
5ae3d800-dogs_00706.jpg,499,319,dog,14,15,419,280
5a8baf8b-cats_00973.jpg,500,374,cat,200,48,450,239
5a8618b2-dogs_00310.jpg,195,287,dog,11,5,181,278
5a162dad-dogs_00460.jpg,423,335,dog,12,6,401,314
59f21a9e-dogs_00152.jpg,222,210,dog,8,6,213,207
59b33f8c-panda_00689.jpg,500,375,panda,115,0,480,300
596152a8-panda_00407.jpg,148,186,panda,8,3,131,171
595af823-cats_00632.jpg,357,499,cat,0,0,321,479
5956ab62-cats_00442.jpg,499,375,cat,24,33,484,360
59463c53-dogs_00085.jpg,334,500,dog,63,60,280,395
592862d4-cats_00872.jpg,500,374,cat,85,0,220,216
5912a317-cats_00864.jpg,500,374,cat,110,3,475,370
590ac4ee-dogs_00183.jpg,499,300,dog,44,48,424,291
58e3eec9-dogs_00700.jpg,500,374,dog,60,0,365,370
58dab2f6-panda_00811.jpg,500,375,panda,125,71,375,356
58c0f2c6-cats_00936.jpg,219,144,cat,15,20,208,141
58952239-panda_00043.jpg,500,375,panda,100,150,335,371
588fb7e5-dogs_00080.jpg,499,375,dog,9,93,404,371
5882e2d1-cats_00648.jpg,499,375,cat,39,15,459,330
58437ebd-panda_00517.jpg,500,375,panda,105,7,420,371
583e987a-dogs_00949.jpg,499,339,dog,9,0,484,339
57fbb67a-panda_00719.jpg,375,500,panda,30,25,318,435
57e54684-panda_00534.jpg,500,375,panda,235,97,375,285
57ac75da-dogs_00846.jpg,392,264,dog,66,15,364,248
57961671-panda_00226.jpg,500,375,panda,20,60,475,356
578a3cea-panda_00088.jpg,500,375,panda,100,101,485,352
5773d2ab-dogs_00705.jpg,500,374,dog,80,0,485,347
571b51f6-cats_00454.jpg,312,499,cat,31,0,287,489
56afe34e-cats_00415.jpg,500,331,cat,75,13,375,324
5663b9af-dogs_00868.jpg,249,343,dog,29,0,186,294
5655acb7-cats_00276.jpg,499,375,cat,4,11,424,345
560e3af1-panda_00294.jpg,500,334,panda,150,86,435,310
560a65e5-panda_00865.jpg,463,500,panda,23,75,421,435
55ffee8b-cats_00884.jpg,500,374,cat,10,33,405,198
55d76596-dogs_00956.jpg,499,475,dog,14,0,469,465
55cbef86-cats_00273.jpg,499,355,cat,49,53,399,287
55bee810-cats_00689.jpg,499,400,cat,44,8,469,388
55affac4-cats_00546.jpg,403,500,dog,4,15,386,470
55524bc7-dogs_00022.jpg,200,199,dog,0,29,186,189
54d33d66-cats_00560.jpg,448,335,cat,62,36,439,281
54b8fb74-dogs_00034.jpg,500,374,dog,90,74,260,366
548f38ed-panda_00876.jpg,500,375,panda,10,131,270,303
5472fe4f-cats_00512.jpg,238,240,cat,16,9,223,230
54698526-cats_00652.jpg,500,481,cat,0,48,380,461
54274e44-dogs_00161.jpg,324,432,dog,74,0,217,427
53dd0ddd-cats_00827.jpg,500,332,cat,10,6,480,288
53add7ab-panda_00636.jpg,500,375,panda,80,71,345,348
5386288e-panda_00509.jpg,375,500,panda,3,35,337,465
537fe0a2-panda_00562.jpg,500,375,panda,0,0,340,345
53741068-panda_00153.jpg,500,334,panda,195,76,435,247
5360fd60-cats_00700.jpg,377,480,cat,52,38,346,475
534c9715-panda_00761.jpg,500,375,panda,0,63,435,371
53404955-panda_00279.jpg,375,500,panda,131,105,315,355
53024678-dogs_00127.jpg,500,374,dog,45,104,310,351
52faa0b7-dogs_00394.jpg,499,375,dog,24,3,409,333
52f59baf-dogs_00942.jpg,415,500,dog,24,15,340,455
52c2ed36-dogs_00807.jpg,500,415,dog,20,107,435,394
528f8e05-dogs_00101.jpg,499,375,dog,104,3,394,363
524369c0-cats_00279.jpg,349,449,cat,6,13,328,431
5226608e-cats_00707.jpg,380,284,cat,60,0,334,278
51fb8eb0-panda_00413.jpg,500,375,panda,230,7,485,363
51d09d98-dogs_00778.jpg,287,186,dog,17,5,269,167
51bfb35a-dogs_00495.jpg,499,375,dog,124,7,354,367
51b685b6-cats_00619.jpg,499,375,cat,144,0,434,371
519a7b4b-panda_00152.jpg,500,375,panda,180,120,495,371
5149b725-panda_00909.jpg,500,323,panda,25,25,440,242
51437f1a-panda_00314.jpg,500,375,panda,120,67,445,363
513a80ff-dogs_00764.jpg,499,375,dog,24,22,374,371
511cac83-cats_00298.jpg,276,206,cat,107,12,264,138
50fd696d-panda_00022.jpg,500,375,panda,120,67,405,266
50e5e957-cats_00832.jpg,499,431,cat,4,0,489,418
50d2ea2e-cats_00283.jpg,500,374,cat,135,104,485,284
50c320b1-cats_00474.jpg,500,374,cat,10,3,465,362
50bc5e6a-cats_00232.jpg,499,375,cat,114,48,359,303
50b5d9bd-cats_00819.jpg,320,239,cat,48,23,316,181
50a658a2-dogs_00776.jpg,375,499,dog,18,39,367,484
50923348-panda_00483.jpg,500,409,panda,130,73,375,331
506db2fe-cats_00638.jpg,500,374,cat,25,67,485,243
505c70cb-panda_00344.jpg,500,375,panda,0,7,430,371
5030cc14-dogs_00505.jpg,500,332,dog,175,66,330,325
50162887-panda_00166.jpg,500,375,panda,135,82,380,315
4ff89800-dogs_00151.jpg,319,255,dog,3,7,312,247
4fbbbf97-panda_00829.jpg,421,500,panda,29,60,391,485
4fba6d89-dogs_00106.jpg,391,500,dog,54,25,367,485
4fb18f1a-dogs_00263.jpg,500,374,dog,145,82,305,258
4faca461-panda_00758.jpg,500,375,panda,60,71,370,363
4fabcba4-panda_00536.jpg,500,375,panda,5,41,500,348
4fa8a928-dogs_00622.jpg,499,349,dog,49,6,419,338
4f95e88b-dogs_00781.jpg,255,256,dog,71,51,196,176
4f8acac6-panda_00979.jpg,414,599,panda,0,53,409,581
4f6e7208-dogs_00913.jpg,250,299,dog,10,8,225,272
4f6dd2dc-dogs_00177.jpg,243,267,dog,31,8,206,229
4f1c250f-panda_00950.jpg,500,319,panda,125,54,460,283
4f1bb608-dogs_00110.jpg,499,333,dog,0,3,424,323
4ef70e49-panda_00965.jpg,500,375,panda,155,33,490,367
4ec5f52c-panda_00926.jpg,487,500,panda,0,20,462,490
4eb1a82f-dogs_00926.jpg,169,215,dog,5,36,133,199
4e9bcf26-panda_00135.jpg,422,500,panda,21,0,396,495
4e82ba54-panda_00031.jpg,500,375,panda,250,101,450,326
4e58eca7-cats_00642.jpg,199,123,cat,0,0,197,121
4e56f36c-panda_00042.jpg,500,375,panda,100,71,495,363
4de8f1df-cats_00697.jpg,339,349,cat,57,17,186,268
4da73ecc-dogs_00976.jpg,499,390,dog,9,23,464,370
4d4eb9c5-panda_00038.jpg,500,375,panda,0,45,265,258
4d2fbdb5-cats_00257.jpg,500,374,cat,175,48,360,347
4cdb07e2-cats_00773.jpg,375,499,cat,52,134,360,369
4cd00cf9-dogs_00594.jpg,409,308,dog,49,9,323,301
4ccdbb35-panda_00613.jpg,78,120,panda,13,12,67,102
4cab9976-panda_00384.jpg,500,375,panda,25,26,385,371
4c76871e-dogs_00010.jpg,499,375,dog,119,67,344,262
4c5f166a-panda_00560.jpg,500,375,panda,235,48,450,363
4c14bf90-panda_00271.jpg,500,375,panda,80,63,360,371
4c137bc8-panda_00242.jpg,500,375,panda,140,0,490,367
4c0f86b6-panda_00688.jpg,500,375,panda,5,22,435,360
4bfb4997-panda_00209.jpg,500,375,panda,95,75,340,348
4bc53592-dogs_00895.jpg,375,499,dog,71,39,270,409
4b999b3f-panda_00577.jpg,500,442,panda,260,101,410,265
4b67edc1-panda_00216.jpg,500,332,panda,5,56,285,308
4b5f0732-panda_00371.jpg,500,375,panda,10,71,480,281
4b563748-dogs_00687.jpg,499,375,dog,24,86,324,371
4b45d229-panda_00902.jpg,500,334,panda,130,10,400,293
4b31450d-cats_00957.jpg,199,180,cat,29,16,179,171
4b2d3388-panda_00261.jpg,500,375,panda,90,18,415,363
4afdee47-dogs_00230.jpg,266,399,dog,31,19,247,379
4ad3f9b6-cats_00837.jpg,300,198,cat,27,3,291,170
4ac59c86-panda_00863.jpg,473,500,panda,14,55,449,490
4ac13a05-panda_00346.jpg,500,375,panda,100,108,315,187
4a74102b-panda_00411.jpg,497,750,panda,0,45,417,592
4a61e309-cats_00599.jpg,500,374,cat,5,11,265,366
4a5d7db8-panda_00638.jpg,500,375,panda,15,52,345,367
4a3c64a2-dogs_00701.jpg,208,210,dog,20,4,201,205
4a383aba-panda_00593.jpg,500,375,panda,0,105,460,285
4a3014f1-dogs_00215.jpg,399,400,dog,91,32,291,372
4a267fbe-dogs_01000.jpg,333,352,dog,9,10,313,344
4a11cc9a-panda_00125.jpg,500,375,panda,15,37,435,371
49c5454f-panda_00860.jpg,500,412,panda,25,24,475,403
49b74ce7-panda_00822.jpg,500,375,panda,25,26,450,367
49b054b2-dogs_00749.jpg,499,334,dog,34,3,489,323
49999f32-panda_00492.jpg,500,406,panda,15,28,460,401
497eb969-dogs_00772.jpg,499,375,dog,144,18,394,367
497b99bd-cats_00430.jpg,500,374,cat,60,100,335,261
4957d9e6-cats_00355.jpg,499,343,cat,19,68,119,222
4952f74b-dogs_00796.jpg,499,332,dog,84,13,424,312
493f4aab-dogs_00497.jpg,447,500,dog,0,25,420,470
49333837-panda_00687.jpg,500,375,panda,245,26,495,273
491cf4c8-dogs_00816.jpg,374,500,dog,48,5,359,495
48fd57d5-dogs_00655.jpg,152,199,dog,18,11,126,191
48ea45ec-dogs_00453.jpg,499,333,dog,94,73,354,306
48e6e9b7-panda_00448.jpg,500,334,panda,75,20,400,283
48de4cb2-cats_00952.jpg,499,375,cat,44,67,324,371
48dd9214-dogs_00936.jpg,248,300,dog,44,42,210,276
48d14850-cats_00913.jpg,201,270,cat,0,0,194,264
48c9a8e7-panda_00837.jpg,500,334,panda,95,6,495,320
48b62f62-dogs_00457.jpg,397,300,dog,47,0,389,294
489161f3-panda_00298.jpg,500,329,panda,170,52,320,273
4887c244-panda_00354.jpg,190,190,panda,0,1,188,186
482ee59e-dogs_00119.jpg,313,233,dog,25,16,222,228
48171041-panda_00975.jpg,500,375,panda,35,37,450,367
47f33844-cats_00410.jpg,252,201,cat,12,2,196,192
47e6d631-cats_00221.jpg,499,375,cat,79,168,319,363
47e2fa11-dogs_00109.jpg,266,371,dog,58,25,247,337
47b58630-dogs_00649.jpg,256,287,dog,15,20,212,284
47aa3269-panda_00054.jpg,500,375,panda,145,82,415,333
47a90e24-panda_00946.jpg,500,375,panda,245,116,495,341
47a47c18-panda_00555.jpg,500,334,panda,125,123,320,290
47a28bcc-cats_00543.jpg,375,233,cat,60,20,360,223
478f595e-panda_00254.jpg,500,334,panda,140,16,395,330
477cd4b0-cats_00332.jpg,359,270,cat,10,5,247,267
4750e833-dogs_00501.jpg,184,300,dog,12,6,145,285
47355e70-dogs_00704.jpg,499,375,dog,99,33,369,371
4730f948-panda_00499.jpg,500,750,panda,70,127,445,607
46ee912f-cats_00797.jpg,336,499,cat,53,29,295,489
46bb7258-dogs_00093.jpg,499,316,dog,14,18,474,303
46a42ee1-cats_00861.jpg,369,398,cat,22,7,313,390
4662c541-dogs_00579.jpg,482,500,dog,77,45,385,455
465ff206-panda_00766.jpg,500,375,panda,285,67,495,337
46502d51-panda_00597.jpg,500,375,panda,165,63,360,333
463988eb-panda_00380.jpg,500,375,panda,20,86,440,371
4630efd9-panda_00504.jpg,496,500,panda,0,50,476,485
46272a49-dogs_00398.jpg,500,374,dog,165,0,500,359
461e1311-dogs_00489.jpg,448,335,dog,44,3,403,308
4616c3b8-panda_00032.jpg,333,500,panda,103,40,289,475
460550c5-dogs_00218.jpg,447,336,dog,98,3,317,282
45f68ee7-dogs_00674.jpg,299,254,dog,2,5,287,251
4554db7d-dogs_00629.jpg,500,374,dog,110,48,445,370
45509856-panda_00099.jpg,500,333,panda,60,39,140,109
4545d26e-dogs_00123.jpg,319,240,dog,82,45,306,237
45419861-dogs_00463.jpg,499,375,dog,124,52,329,288
451f43c4-dogs_00142.jpg,499,359,dog,9,7,479,337
45121661-cats_00959.jpg,289,208,cat,14,56,277,205
44cb9d1b-dogs_00014.jpg,281,500,dog,33,0,278,445
44c7f647-panda_00503.jpg,500,334,panda,215,133,285,323
44b95ab3-cats_00681.jpg,320,239,cat,9,0,284,234
4462939c-panda_00332.jpg,500,375,panda,65,7,495,367
44389672-dogs_00115.jpg,499,375,dog,144,75,349,243
44175c01-panda_00530.jpg,406,500,panda,20,50,401,460
43f522b1-dogs_00577.jpg,149,139,dog,8,23,134,115
43f17b51-dogs_00512.jpg,500,309,dog,20,46,390,287
43d92c9c-panda_00072.jpg,500,375,panda,135,45,420,360
43d3e315-cats_00478.jpg,500,358,cat,25,17,475,343
43c9959f-cats_00364.jpg,220,301,cat,37,36,176,270
43c1ad36-dogs_00881.jpg,500,332,dog,0,39,405,325
434e7f1c-panda_00372.jpg,399,316,panda,31,79,327,290
434c50bf-dogs_00993.jpg,226,434,dog,22,13,207,425
434a164c-cats_00886.jpg,499,497,cat,34,4,234,457
43338fd5-cats_00330.jpg,500,496,cat,100,14,480,481
4308fffc-panda_00124.jpg,500,375,panda,5,0,465,367
4298e31b-panda_00732.jpg,500,334,panda,125,16,280,307
425ffe19-panda_00424.jpg,500,375,panda,135,22,485,251
424afb93-panda_00769.jpg,500,334,panda,25,0,455,323
42467864-panda_00663.jpg,500,375,panda,135,108,245,172
4241664f-panda_00343.jpg,500,446,panda,20,22,480,428
4241264b-cats_00760.jpg,500,356,cat,15,17,485,306
4237ce5c-panda_00751.jpg,394,594,panda,3,11,303,190
4231eb0c-panda_00406.jpg,466,500,panda,23,5,452,495
421218ac-dogs_00313.jpg,234,255,dog,14,12,219,242
41cedbd6-panda_00505.jpg,380,500,panda,11,75,364,480
41c5bda6-dogs_00098.jpg,500,374,dog,75,18,495,340
41c50c0b-dogs_00486.jpg,334,309,dog,6,27,290,287
41b68ddc-dogs_00522.jpg,500,374,dog,120,37,375,370
41b63235-panda_00217.jpg,500,375,panda,110,3,465,360
41ac6b64-panda_00552.jpg,500,375,panda,40,3,475,367
418f06a3-panda_00229.jpg,500,375,panda,45,67,305,333
3d71c0d7-panda_00432.jpg,375,500,panda,135,125,363,305
411b664a-dogs_00671.jpg,349,401,dog,115,168,251,288
40ff7055-panda_00927.jpg,500,455,panda,45,22,470,450
40f2d21f-dogs_00066.jpg,499,421,dog,19,4,474,412
40e005a0-dogs_00317.jpg,499,375,dog,174,146,399,367
4092c0c6-cats_00858.jpg,400,470,cat,4,28,292,441
408d20b9-dogs_00972.jpg,499,375,dog,24,56,379,367
408caeb9-cats_00293.jpg,500,371,cat,140,3,465,359
40811881-panda_00973.jpg,500,387,panda,25,11,470,383
40785c8d-dogs_00248.jpg,402,499,dog,44,44,373,474
40702ad9-dogs_00193.jpg,350,279,dog,14,27,311,253
40518bfb-cats_00523.jpg,350,261,cat,84,13,276,253
40279ca4-cats_00804.jpg,374,500,cat,0,70,366,470
401ce09a-dogs_00581.jpg,180,221,dog,10,19,158,218
3fdef8a3-cats_00329.jpg,363,459,cat,18,0,341,440
3fd40fa6-panda_00836.jpg,500,375,panda,40,18,400,371
3fbf3d46-cats_00517.jpg,375,499,cat,90,0,307,499
3fbe73ef-panda_00709.jpg,500,375,panda,0,168,275,367
3fbcd128-panda_00888.jpg,500,375,panda,130,123,360,371
3fa679f9-dogs_00376.jpg,499,463,dog,39,27,469,458
3f9dc819-cats_00602.jpg,359,207,cat,0,0,348,200
3f975775-dogs_00468.jpg,499,375,dog,209,0,469,371
3f80b9cf-cats_00344.jpg,401,432,cat,44,8,376,414
3f79b808-dogs_00856.jpg,499,333,dog,69,0,464,306
3f512882-panda_00807.jpg,500,375,panda,100,26,470,318
3f2b0777-cats_00956.jpg,447,278,cat,17,16,420,258
3f1a82b5-dogs_00966.jpg,341,275,dog,6,22,296,264
3f16aa4a-cats_00479.jpg,499,332,cat,124,79,324,312
3efedf96-panda_00491.jpg,500,364,panda,90,87,350,345
3ee05bb4-panda_00329.jpg,401,500,panda,56,10,336,270
3ed7493b-panda_00551.jpg,500,332,panda,110,3,380,328
3ecc7d4c-dogs_00477.jpg,500,363,dog,35,58,370,337
3ebc55cf-dogs_00828.jpg,451,447,dog,63,49,360,438
3eb500bf-dogs_00907.jpg,500,374,dog,110,56,310,347
3e938cc0-dogs_00419.jpg,346,499,dog,0,19,321,469
3e9017af-cats_00603.jpg,500,374,cat,5,18,445,359
3ebf41ce-panda_00819.jpg,500,471,panda,45,23,465,438
3e889b83-cats_00305.jpg,345,499,cat,51,29,286,434
3e84755c-panda_00604.jpg,423,500,panda,76,35,393,490
3e54e349-dogs_00994.jpg,200,234,dog,46,4,186,224
3e3a2db5-dogs_00762.jpg,467,500,dog,37,75,406,410
3e2cf1ff-cats_00589.jpg,500,469,cat,30,14,445,417
3e0c3cb7-panda_00739.jpg,500,374,panda,85,22,465,355
3dcfe9ea-dogs_00647.jpg,500,374,dog,155,41,330,351
3d38d4fd-dogs_00957.jpg,462,500,dog,73,15,392,485
3d376395-dogs_00075.jpg,400,298,dog,16,5,380,259
3d1d2fed-panda_00049.jpg,500,334,panda,80,93,300,207
3d1b61ac-dogs_00555.jpg,349,262,dog,115,94,303,165
3cdb7982-cats_00381.jpg,349,383,cat,17,22,268,367
3cda248c-cats_00649.jpg,441,328,cat,22,29,427,285
3cae11f2-cats_00400.jpg,332,500,cat,39,60,298,450
3ca33ea0-cats_00495.jpg,499,375,cat,154,56,429,367
3c8d172c-cats_00262.jpg,500,369,cat,25,55,455,350
3c69f7e7-panda_00800.jpg,500,375,panda,10,3,190,251
3c67b241-dogs_00413.jpg,336,447,dog,13,84,275,442
3c45c0d4-panda_00588.jpg,500,390,panda,55,19,440,382
3c17ef4d-panda_00929.jpg,800,603,panda,8,174,568,518
3be04dd7-dogs_00201.jpg,300,362,dog,48,65,291,333
3bd8e4f9-panda_00207.jpg,500,375,panda,5,101,430,352
3bb0b04c-dogs_00602.jpg,323,400,dog,19,24,284,368
3b9d701b-dogs_00871.jpg,499,375,dog,39,63,349,326
3b66cfad-dogs_00943.jpg,180,139,dog,3,6,172,132
3b582a2f-dogs_00746.jpg,500,374,dog,180,37,445,359
3b475fa9-dogs_00508.jpg,399,380,dog,47,38,371,364
3b3edabb-cats_00901.jpg,479,499,cat,19,24,402,494
3b2ac7e8-cats_00607.jpg,353,389,cat,130,46,307,225
3b249040-dogs_00914.jpg,499,407,dog,44,16,469,390
3aff7179-panda_00915.jpg,375,500,panda,11,105,341,475
3afdec91-dogs_00520.jpg,488,499,dog,4,0,473,489
3af04758-dogs_00229.jpg,238,157,dog,16,1,211,144
3aedc675-dogs_00035.jpg,319,480,dog,28,9,277,451
3aecf1a7-dogs_00283.jpg,499,343,dog,4,13,404,329
3aeb6a77-cats_00678.jpg,499,374,cat,229,7,464,359
3adf1c26-cats_00301.jpg,499,375,cat,139,78,369,341
3ac7a358-cats_00789.jpg,99,94,cat,1,3,93,82
3a666246-cats_00475.jpg,375,499,cat,37,64,307,484
3a2421f2-dogs_00964.jpg,374,500,dog,3,20,362,490
3a1fca71-panda_00143.jpg,500,336,panda,155,57,400,248
3a0d6597-cats_00505.jpg,360,243,cat,10,9,352,228
3a048c5d-panda_00263.jpg,500,375,panda,5,60,245,311
39fb8e68-cats_00981.jpg,478,383,cat,14,38,468,337
39eed5b4-cats_00224.jpg,500,335,cat,135,30,390,318
3999c2df-panda_00382.jpg,500,375,panda,195,108,370,371
396b7f43-panda_00773.jpg,500,375,panda,5,75,455,371
392e904a-dogs_00887.jpg,500,374,dog,110,104,390,190
3920a8ce-dogs_00084.jpg,500,333,dog,105,59,330,319
39169d7f-cats_00487.jpg,299,189,cat,71,7,191,185
391655da-dogs_00103.jpg,422,500,dog,75,60,358,440
38f28cd7-cats_00484.jpg,500,374,cat,25,134,255,336
38e547bb-dogs_00284.jpg,499,337,dog,4,6,479,323
38d0f5f2-panda_00046.jpg,500,467,panda,30,9,475,448
3868a2df-panda_00675.jpg,500,331,panda,200,49,375,238
381c4fac-dogs_00178.jpg,349,257,dog,20,25,342,210
3810d90f-panda_00969.jpg,500,334,panda,80,46,400,330
37e4b797-panda_00603.jpg,500,332,panda,20,116,470,275
37e1b02a-dogs_00162.jpg,499,377,dog,234,135,419,290
37dac28b-dogs_00510.jpg,500,309,dog,35,12,490,299
37d6e0fd-dogs_00774.jpg,500,375,dog,45,30,465,352
37d1da7c-cats_00984.jpg,500,426,cat,5,8,480,400
379c2a6a-dogs_00002.jpg,321,260,dog,22,5,304,236
37922eb0-cats_00570.jpg,500,374,cat,55,93,200,287
37257a3c-cats_00434.jpg,320,152,cat,60,1,310,132
36fc7dc7-cats_00752.jpg,176,143,cat,22,31,98,141
36de64fb-panda_00775.jpg,500,375,panda,125,33,380,367
36d6cd95-dogs_00530.jpg,500,374,dog,185,22,460,340
36cd0166-dogs_00325.jpg,499,498,dog,4,9,219,478
36c9e3bf-dogs_00739.jpg,240,179,dog,72,3,163,171
36b3badc-cats_00802.jpg,500,374,cat,30,14,425,362
36a549af-dogs_00211.jpg,480,358,dog,57,78,283,318
369e9b2f-dogs_00257.jpg,258,432,dog,12,17,229,419
36809835-panda_00799.jpg,500,334,panda,90,53,365,327
3638e607-cats_00863.jpg,374,500,cat,97,80,359,475
361c369a-panda_00350.jpg,500,375,panda,45,120,185,277
35604943-dogs_00904.jpg,488,499,dog,73,14,419,454
3517b317-dogs_00094.jpg,500,374,dog,70,78,305,336
350fa585-cats_00566.jpg,479,480,cat,91,4,344,465
35048e70-dogs_00016.jpg,455,499,dog,91,14,423,464
34faeeac-panda_00245.jpg,500,332,panda,0,63,375,268
34f9d872-dogs_00149.jpg,499,381,dog,119,3,409,377
34ce1600-dogs_00697.jpg,500,374,dog,150,18,450,366
34c2d978-panda_00463.jpg,500,375,panda,105,41,450,345
34c1ac86-panda_00078.jpg,500,375,panda,60,165,375,277
349e3c65-dogs_00798.jpg,499,315,dog,9,91,194,286
34751f17-panda_00104.jpg,500,375,panda,85,101,320,206
33d732de-dogs_00097.jpg,299,227,dog,14,13,281,220
33b76b7a-dogs_00637.jpg,500,374,dog,165,183,460,347
33855e86-dogs_00860.jpg,374,500,dog,26,60,265,495
337f6cea-cats_00427.jpg,234,239,cat,35,26,173,236
337049a5-dogs_00632.jpg,499,375,dog,129,71,349,266
334e3cf3-cats_00246.jpg,499,375,cat,74,146,374,352
3332e5ac-panda_00258.jpg,500,382,panda,130,11,440,378
33181891-panda_00849.jpg,194,194,panda,11,13,184,166
32f3a979-panda_00327.jpg,500,375,panda,85,48,410,315
32ba7c8e-dogs_00408.jpg,480,359,dog,86,53,403,269
32b5a9d2-cats_00267.jpg,371,457,cat,66,68,333,383
329a5735-dogs_00159.jpg,400,299,dog,112,41,396,293
325ece29-cats_00699.jpg,317,500,cat,53,50,234,425
324febfb-cats_00277.jpg,500,331,cat,85,23,465,311
31cc3df6-cats_00552.jpg,500,303,cat,20,12,450,293
31a3709a-cats_00625.jpg,287,193,cat,149,21,269,167
318f8275-cats_00664.jpg,340,477,cat,0,66,319,429
31857118-cats_00452.jpg,399,267,cat,99,2,299,258
3184fc0d-panda_00672.jpg,500,375,panda,220,60,370,228
316667c2-dogs_00461.jpg,415,281,dog,4,14,390,266
3161a2c7-cats_00833.jpg,180,145,cat,7,2,162,131
f64b6691-cats_00215.jpg,467,500,cat,46,35,359,495
5af9a984-cats_00213.jpg,375,499,cat,15,39,281,484
44db4680-cats_00212.jpg,334,499,cat,13,0,313,489
a72256df-cats_00208.jpg,466,500,cat,18,75,149,305
ef8436e8-cats_00207.jpg,500,374,cat,25,3,450,336
73a07a13-cats_00205.jpg,185,199,cat,7,1,160,191
5cc9502e-cats_00204.jpg,375,499,cat,105,64,356,479
61b19718-cats_00199.jpg,385,362,cat,73,39,331,340
3ae1754c-cats_00198.jpg,359,240,cat,78,7,233,235
51ef3065-cats_00196.jpg,320,239,cat,0,14,300,179
cbe86687-cats_00195.jpg,499,486,cat,89,4,439,466
be96af8a-cats_00194.jpg,167,200,cat,15,0,141,186
ecfc1201-cats_00193.jpg,449,400,cat,22,20,417,284
f269d96c-cats_00191.jpg,500,466,cat,70,37,455,438
680e5336-cats_00189.jpg,216,278,cat,23,2,190,266
e179afb9-cats_00188.jpg,320,239,cat,48,21,172,207
c02e268d-cats_00187.jpg,500,321,cat,5,9,455,288
6d8209d5-cats_00185.jpg,350,301,cat,14,36,245,276
f8d629bb-cats_00184.jpg,285,420,cat,22,8,273,407
5d5cf99a-cats_00183.jpg,499,332,cat,29,46,439,315
39fdda7b-cats_00181.jpg,307,500,cat,55,10,273,485
df2829b2-cats_00180.jpg,499,375,cat,89,0,454,318
ae173bc4-cats_00178.jpg,499,375,cat,219,112,349,262
40cb60b4-cats_00177.jpg,178,194,cat,14,3,165,184
5d82f463-cats_00174.jpg,499,375,cat,9,0,394,363
5377fcba-cats_00173.jpg,317,342,cat,0,0,282,331
cfd4b85e-cats_00172.jpg,411,499,cat,57,39,357,494
8026b519-cats_00171.jpg,500,374,cat,5,3,470,344
3b0cf41c-cats_00168.jpg,320,425,cat,0,0,284,416
68e0be56-cats_00167.jpg,300,299,cat,18,0,279,296
8984b2ed-cats_00161.jpg,407,277,cat,48,0,382,224
fd3f6298-cats_00159.jpg,350,326,cat,49,9,318,322
843df554-cats_00156.jpg,499,460,cat,44,18,464,455
c1591111-cats_00155.jpg,374,500,cat,93,0,287,290
665c2ac7-cats_00153.jpg,448,335,cat,112,13,443,264
db5a476f-cats_00152.jpg,499,375,cat,0,78,394,371
4ae7e777-cats_00151.jpg,187,194,cat,11,3,173,186
595b827d-cats_00150.jpg,341,499,cat,40,14,303,469
a61d68a3-cats_00149.jpg,499,375,cat,94,0,479,303
defbdcde-cats_00148.jpg,467,312,cat,84,68,462,308
6357c371-cats_00146.jpg,223,312,cat,11,3,205,302
36e31416-cats_00145.jpg,469,499,cat,9,14,436,454
b68e781f-cats_00144.jpg,325,227,cat,3,15,295,204
d46f9110-cats_00143.jpg,500,495,cat,25,0,475,445
c8aa3ea3-cats_00142.jpg,500,376,cat,40,22,470,372
f68bd336-cats_00139.jpg,240,239,cat,4,23,218,224
ac635568-cats_00138.jpg,480,359,cat,52,61,345,351
38f79348-cats_00137.jpg,326,499,cat,19,44,290,494
57bccc77-cats_00132.jpg,499,331,cat,259,102,479,284
3157b3d0-panda_00454.jpg,500,464,panda,30,18,385,417
313d0204-panda_00363.jpg,500,334,panda,200,106,310,283
30f7efbc-cats_00306.jpg,319,240,cat,51,14,252,134
30e832ee-cats_00722.jpg,499,333,cat,119,0,429,189
30e29fa3-panda_00674.jpg,500,375,panda,250,120,475,307
30c13942-panda_00877.jpg,250,187,panda,40,14,157,170
30b93319-panda_00614.jpg,500,334,panda,120,3,430,330
305e91e5-dogs_00734.jpg,500,327,dog,20,16,485,307
303564d1-panda_00801.jpg,500,334,panda,160,43,390,327
301e9632-panda_00522.jpg,500,375,panda,70,78,480,371
3011f493-panda_00913.jpg,500,375,panda,45,22,465,363
30031be9-cats_00970.jpg,475,315,cat,76,44,437,207
2f623fbe-panda_00533.jpg,500,375,panda,80,0,405,363
2f5d4304-cats_00591.jpg,500,375,cat,40,7,475,356
2f5a2063-panda_00185.jpg,500,375,panda,165,71,270,292
2f50411c-cats_00848.jpg,499,375,cat,189,48,394,285
2f4a44fe-panda_00566.jpg,500,375,panda,35,52,350,352
2ef169c3-panda_00034.jpg,300,224,panda,123,82,258,174
2ed23961-panda_00460.jpg,500,375,panda,195,97,450,266
2eb5db7e-panda_00113.jpg,500,375,panda,20,7,460,363
2e9ca156-panda_00278.jpg,500,375,panda,20,37,485,296
2e838aa0-dogs_00659.jpg,149,191,dog,5,0,138,179
2e55fe49-panda_00847.jpg,500,375,panda,80,0,465,360
2e1a0f39-dogs_00095.jpg,500,374,dog,30,145,310,362
2e18c8d8-panda_00398.jpg,500,375,panda,105,78,455,363
2dd82a12-panda_00195.jpg,500,375,panda,65,3,485,360
2dc5daaa-dogs_00083.jpg,332,500,dog,36,70,315,480
2d8df4b0-panda_00997.jpg,500,334,panda,195,116,260,257
2d872ed8-dogs_00048.jpg,500,496,dog,45,34,450,446
2d8092fd-dogs_00890.jpg,160,195,dog,8,19,121,193
2d492d19-dogs_00454.jpg,402,499,dog,64,44,341,444
2d3cc754-cats_00783.jpg,429,259,cat,0,5,244,233
2d39cea2-cats_00538.jpg,312,233,cat,6,32,258,191
2d1f376c-panda_00791.jpg,500,375,panda,0,33,455,352
2d18d815-panda_00525.jpg,500,334,panda,60,0,335,197
2d12b446-cats_00850.jpg,319,240,cat,124,14,290,228
2cebbd73-dogs_00104.jpg,301,342,dog,6,17,291,324
2ce61778-cats_00615.jpg,500,374,cat,5,18,330,351
2cd612a0-panda_00498.jpg,500,309,panda,80,30,420,278
2ca5fc13-dogs_00328.jpg,374,500,dog,89,105,359,495
2c7c5919-panda_00109.jpg,480,737,panda,62,110,432,552
2c77c4db-dogs_00126.jpg,225,341,dog,6,3,216,330
2c236b70-panda_00248.jpg,500,375,panda,5,33,490,367
2c0be989-panda_00646.jpg,500,375,panda,180,90,350,307
2c05f28f-cats_00536.jpg,499,375,cat,119,41,384,311
2bce007d-dogs_00713.jpg,483,500,dog,62,25,478,495
2b0cbb79-panda_00659.jpg,500,375,panda,65,26,475,363
2b132ced-dogs_00805.jpg,500,363,dog,85,10,395,359
2b1c3782-panda_00707.jpg,500,375,panda,110,30,490,356
2b3953ae-panda_00068.jpg,500,335,panda,35,0,480,314
2b3c9a98-dogs_00136.jpg,222,166,dog,11,19,210,147
2b706d77-panda_00366.jpg,500,375,panda,165,101,390,273
2b79abdf-dogs_00800.jpg,304,479,dog,9,14,276,450
2b8b1ebe-dogs_00761.jpg,319,344,dog,12,3,312,333
2b97065f-dogs_00611.jpg,449,365,dog,85,47,345,339
2b9dc3cd-cats_00896.jpg,500,374,cat,20,3,495,351
2ad5fe47-dogs_00711.jpg,375,499,dog,75,169,345,494
2a9b1f3d-dogs_00478.jpg,308,479,dog,36,38,267,464
2a9a14b1-cats_00525.jpg,119,153,cat,1,3,103,146
2a8ea37d-dogs_00741.jpg,183,195,dog,14,7,162,189
2a81edfe-dogs_00717.jpg,499,375,dog,59,7,459,367
2a8121c0-cats_00494.jpg,499,375,cat,29,0,324,367
2a783680-dogs_00132.jpg,256,373,dog,10,3,253,365
2a4e0127-panda_00986.jpg,500,375,panda,180,56,375,356
2a1ba300-dogs_00107.jpg,500,331,dog,150,9,380,321
2a0b7506-panda_00033.jpg,500,334,panda,95,3,430,327
2a08b223-cats_00740.jpg,350,287,cat,126,48,217,229
29ec2986-dogs_00849.jpg,322,400,dog,16,8,305,384
29e0683d-panda_00664.jpg,1024,768,panda,92,268,542,744
29d367ca-panda_00725.jpg,595,424,panda,119,8,535,394
29b2705a-panda_00288.jpg,375,500,panda,7,65,318,495
297cff71-panda_00420.jpg,500,334,panda,35,0,370,327
297b819b-cats_00501.jpg,320,239,cat,28,7,307,188
2966dc71-cats_00366.jpg,499,375,cat,129,11,364,360
295ef92c-panda_00389.jpg,500,375,panda,45,3,485,367
292fd84c-dogs_00326.jpg,500,374,dog,130,74,475,366
2910ed4b-dogs_00086.jpg,500,374,dog,145,48,410,359
2903bc84-cats_00989.jpg,500,331,cat,105,9,390,314
28b0b80a-panda_00471.jpg,265,175,panda,60,29,201,173
287a4ae3-cats_00612.jpg,232,500,cat,6,0,213,485
287169ee-cats_00746.jpg,500,374,cat,240,0,465,235
286a5e99-cats_00704.jpg,355,499,cat,46,19,315,484
284f981d-dogs_00426.jpg,375,499,dog,15,29,330,369
2846cffc-cats_00312.jpg,499,375,cat,0,3,489,311
28266f72-panda_00466.jpg,500,375,panda,0,56,290,326
28183845-panda_00137.jpg,500,378,panda,5,3,440,355
2808baee-cats_00564.jpg,179,113,cat,23,0,137,83
27fffa13-panda_00993.jpg,500,375,panda,245,78,455,228
27f29289-panda_00449.jpg,500,375,panda,180,78,295,240
27df8394-dogs_00364.jpg,499,438,dog,64,0,429,389
27db18be-cats_00446.jpg,500,446,cat,10,40,465,405
27d6f384-cats_00392.jpg,298,303,cat,50,18,283,278
27d3bbde-dogs_00511.jpg,276,400,dog,27,32,229,356
27cecef1-cats_00528.jpg,319,240,cat,133,9,261,218
27b59a85-cats_00695.jpg,480,359,cat,225,64,470,355
27ae541c-cats_00417.jpg,499,375,cat,0,45,419,348
2796f6c0-dogs_00955.jpg,500,374,dog,40,41,395,362
2773a913-dogs_00089.jpg,500,374,dog,70,71,315,362
275478d0-dogs_00141.jpg,375,299,dog,7,0,352,284
26dac18e-dogs_00054.jpg,335,448,dog,3,40,321,421
26d744b4-panda_00145.jpg,500,375,panda,30,0,475,363
269f69db-dogs_00524.jpg,410,499,dog,32,34,389,469
2667f242-cats_00216.jpg,409,308,cat,36,21,294,283
26520452-panda_00493.jpg,800,534,panda,200,138,512,443
26448d27-dogs_00709.jpg,439,440,dog,74,79,430,418
26340b08-panda_00057.jpg,312,483,panda,21,159,174,367
261dbc8e-panda_00330.jpg,500,334,panda,25,3,230,250
25f6fe23-dogs_00005.jpg,350,260,dog,3,44,325,200
25f61500-cats_00385.jpg,500,374,cat,180,0,375,370
25f2bcd7-dogs_00766.jpg,500,315,dog,115,40,360,311
25dcbeb1-cats_00323.jpg,423,322,cat,12,28,414,299
25d5c977-panda_00816.jpg,500,375,panda,100,30,425,371
25d54578-dogs_00370.jpg,499,425,dog,14,17,464,420
25d47e84-cats_00776.jpg,500,307,cat,20,21,485,291
25d26ebf-dogs_00751.jpg,154,101,dog,41,38,93,95
25ce5b80-cats_00398.jpg,499,375,cat,154,153,344,307
25c073ea-cats_00779.jpg,499,375,cat,19,120,489,367
25a94bf8-panda_00017.jpg,500,375,panda,5,63,360,352
2d72837d-cats_00129.jpg,500,374,cat,125,63,475,366
2565f11e-panda_00894.jpg,500,375,panda,160,52,310,191
2565cceb-dogs_00566.jpg,410,333,dog,24,86,369,326
252adc08-cats_00788.jpg,475,499,cat,85,14,356,474
25024423-panda_00075.jpg,335,500,panda,6,5,328,490
24eda907-cats_00331.jpg,479,343,cat,52,75,407,277
24e9a762-panda_00878.jpg,500,399,panda,25,31,450,395
24d5ac7e-dogs_00513.jpg,473,500,dog,99,60,354,465
24cacd66-dogs_00172.jpg,499,375,dog,69,3,284,285
24ba0943-panda_00211.jpg,375,500,panda,93,135,356,350
242990a4-dogs_00244.jpg,500,374,dog,5,3,385,359
24243e59-dogs_00888.jpg,266,399,dog,34,19,202,351
23d696a0-panda_00956.jpg,500,465,panda,40,27,460,441
23aa6951-panda_00388.jpg,375,500,panda,7,95,296,460
239da48b-panda_00537.jpg,500,374,panda,80,18,410,370
23702a5f-panda_00655.jpg,451,500,panda,22,15,419,465
23562296-panda_00862.jpg,500,404,panda,105,28,475,391
2345cd2b-dogs_00212.jpg,305,204,dog,9,8,277,173
233a4bc3-panda_00764.jpg,500,375,panda,135,120,350,363
232c515e-panda_00305.jpg,500,334,panda,40,6,390,310
231bafd8-cats_00757.jpg,291,296,cat,11,17,261,278
22cb84e3-cats_00347.jpg,500,374,cat,50,44,380,295
2297a1ca-cats_00220.jpg,500,332,cat,155,9,455,282
227839d2-dogs_00528.jpg,179,240,dog,42,21,146,180
22698dd4-dogs_00329.jpg,411,499,dog,36,4,353,434
22664bdb-panda_00734.jpg,500,375,panda,30,15,485,348
22644146-panda_00452.jpg,1024,768,panda,266,84,829,691
225b3b6c-cats_00647.jpg,500,373,cat,5,0,410,305
223ee743-dogs_00277.jpg,499,375,dog,54,0,404,367
22266fdc-panda_00939.jpg,500,375,panda,35,90,410,352
21efe885-cats_00420.jpg,500,374,cat,135,134,300,355
21e97edd-dogs_00377.jpg,450,315,dog,4,15,423,296
21d4c612-dogs_00779.jpg,500,290,dog,15,8,470,281
21c19cbf-dogs_00965.jpg,147,162,dog,41,27,138,152
21b602f5-cats_00562.jpg,500,415,cat,5,20,475,390
21b234d6-dogs_00470.jpg,500,374,dog,70,29,465,359
21a76be1-dogs_00332.jpg,478,499,dog,19,9,439,494
218e0c2e-cats_00549.jpg,291,255,cat,26,30,282,247
215e23a4-cats_00966.jpg,500,374,cat,120,26,260,302
212e4444-dogs_00304.jpg,500,331,dog,140,26,485,297
20a5cfa0-cats_00290.jpg,500,374,cat,0,78,270,366
20806ac6-panda_00988.jpg,585,400,panda,46,8,538,392
205df036-cats_00644.jpg,499,375,cat,24,22,344,356
20442edb-dogs_00532.jpg,492,499,dog,34,19,462,489
20421c66-panda_00239.jpg,500,375,panda,30,30,455,352
203f655a-dogs_00682.jpg,299,372,dog,29,0,287,364
20304f55-panda_00890.jpg,500,333,panda,165,116,255,239
1ff7f6a4-cats_00471.jpg,319,240,cat,28,14,309,172
1f5c4aa2-panda_00749.jpg,500,334,panda,5,50,225,263
1f0163ee-cats_00437.jpg,356,269,cat,0,34,323,209
1ef8cc04-panda_00103.jpg,500,375,panda,10,82,415,367
1e87f2a3-cats_00946.jpg,499,375,cat,149,0,314,367
1e682f99-panda_00470.jpg,500,375,panda,100,63,375,371
1e4c31bd-dogs_00397.jpg,500,465,dog,75,9,440,418
1e3e48b3-cats_00581.jpg,374,500,cat,63,30,280,490
1e2aae4a-dogs_00334.jpg,200,199,dog,16,27,182,193
1dcd2203-dogs_00466.jpg,500,374,dog,130,14,390,359
1da7cf13-dogs_00459.jpg,260,171,dog,78,15,174,157
1d9d85d1-cats_00237.jpg,500,374,cat,140,7,490,362
1d94360e-dogs_00148.jpg,500,331,dog,75,102,410,327
1d72ed09-panda_00266.jpg,500,375,panda,50,206,185,356
1d57d62f-dogs_00232.jpg,399,373,dog,51,0,359,339
1d27690f-cats_00980.jpg,298,449,cat,44,13,238,440
1d18dc23-dogs_00930.jpg,499,375,dog,44,26,474,360
1d17501b-dogs_00639.jpg,199,258,dog,13,2,191,255
1cf3c7de-panda_00834.jpg,500,375,panda,250,82,400,266
1c7046f3-dogs_00302.jpg,500,374,dog,30,44,340,280
1c6e33af-cats_00225.jpg,499,375,cat,124,101,474,307
1c4e9fa5-dogs_00485.jpg,302,267,dog,12,13,241,218
1c3e6fc5-cats_00596.jpg,388,499,cat,65,14,364,464
1c28fce7-cats_00766.jpg,499,375,cat,44,15,479,333
1c279c75-dogs_00799.jpg,349,347,dog,0,13,335,322
1c20118d-panda_00070.jpg,500,375,panda,165,131,350,262
1c006a02-dogs_00970.jpg,249,217,dog,4,8,236,208
1bae589c-dogs_00455.jpg,489,342,dog,14,37,469,324
1ba29a11-cats_00203.jpg,479,360,cat,28,3,421,338
1b6bbc2e-cats_00813.jpg,499,334,cat,119,3,354,327
1b4394a8-cats_00734.jpg,500,499,cat,5,9,485,489
1b40b2dc-cats_00527.jpg,162,177,cat,1,1,150,169
1afa8261-panda_00475.jpg,500,375,panda,380,213,445,262
1ae08d2f-cats_00165.jpg,350,282,cat,49,25,332,276
1a940805-dogs_00090.jpg,482,500,dog,86,115,361,445
1a8b3824-panda_00831.jpg,500,375,panda,110,7,480,330
1a8211b8-cats_00553.jpg,499,317,cat,14,6,484,259
1a6c99b6-cats_00386.jpg,499,375,cat,84,30,444,326
1a5e8b00-dogs_00990.jpg,444,431,dog,66,0,372,392
1a52e9c0-panda_00205.jpg,489,500,panda,63,85,469,495
1a4cdd5a-dogs_00631.jpg,59,50,dog,2,3,54,45
1a434217-panda_00262.jpg,466,500,panda,18,5,452,495
1a38e40a-cats_00429.jpg,500,374,cat,65,11,395,370
19efc483-panda_00884.jpg,500,375,panda,220,183,390,371
19eee8bc-panda_00092.jpg,500,333,panda,85,13,325,283
19dfca71-panda_00968.jpg,500,375,panda,0,0,425,367
19d95602-panda_00146.jpg,500,375,panda,130,60,360,348
19aba8f9-cats_00433.jpg,220,166,cat,8,1,195,134
199baa9b-dogs_00804.jpg,482,431,dog,33,0,395,422
1994a86d-dogs_00610.jpg,283,306,dog,8,12,277,296
196d4fc0-panda_00826.jpg,500,375,panda,10,0,380,285
1957b2ad-dogs_00903.jpg,179,154,dog,8,4,168,140
19067b1d-dogs_00114.jpg,399,462,dog,0,41,375,448
18673a06-cats_00702.jpg,500,374,cat,75,7,475,332
18400a4b-dogs_00969.jpg,499,375,dog,24,26,479,318
18215a6e-dogs_00203.jpg,467,316,dog,4,3,448,297
17d4e2fe-panda_00684.jpg,450,500,panda,31,20,432,495
17adc964-cats_00666.jpg,500,369,cat,10,18,415,328
17a2cc2c-dogs_00300.jpg,499,375,dog,69,142,344,315
17142fc2-dogs_00293.jpg,307,383,dog,64,19,300,371
16e1fc45-dogs_00189.jpg,499,333,dog,14,26,449,329
169d6f67-panda_00999.jpg,500,375,panda,215,3,470,348
168485f8-cats_00136.jpg,500,374,cat,0,7,390,370
166573bb-cats_00482.jpg,499,375,cat,54,105,209,285
164bb6e5-panda_00480.jpg,500,433,panda,40,34,470,394
160764d6-cats_00785.jpg,310,500,cat,62,10,263,460
15d838f2-cats_00162.jpg,500,441,cat,30,0,440,432
15d1be53-cats_00800.jpg,500,499,cat,65,4,460,454
15c768b7-panda_00617.jpg,500,375,panda,10,37,435,371
157ca46c-panda_00740.jpg,500,375,panda,170,127,280,195
157c5c40-dogs_00850.jpg,238,190,dog,11,0,230,165
1578876d-dogs_00318.jpg,500,374,dog,220,7,480,370
1560996b-cats_00297.jpg,500,374,cat,65,0,410,374
150e1728-panda_00100.jpg,500,375,panda,180,30,490,375
150d329c-dogs_00435.jpg,305,499,dog,48,0,277,489
14fc5107-dogs_00866.jpg,491,413,dog,24,8,441,375
14f28638-dogs_00531.jpg,500,374,dog,245,0,400,370
14f0a9e7-dogs_00224.jpg,320,162,dog,19,4,137,144
14bd1b77-cats_00912.jpg,430,420,cat,25,37,378,415
14afa98d-dogs_00544.jpg,174,200,dog,12,10,154,184
14ae3c40-cats_00278.jpg,188,280,cat,15,2,148,263
14ad5de9-panda_00690.jpg,500,375,panda,145,52,480,371
149e51a4-cats_00179.jpg,487,411,cat,92,32,452,394
148988ff-dogs_00830.jpg,500,329,dog,65,26,360,256
145a3509-panda_00704.jpg,500,375,panda,115,67,350,292
14597487-cats_00761.jpg,320,239,cat,3,33,224,195
144b3134-panda_00932.jpg,500,375,panda,215,52,390,266
142ab917-dogs_00226.jpg,349,322,dog,13,0,324,309
13ec5298-cats_00477.jpg,499,252,cat,0,2,484,224
13af114f-cats_00166.jpg,499,375,cat,84,22,469,360
139d1f7d-dogs_00449.jpg,490,500,dog,39,50,254,455
138e5fef-dogs_00997.jpg,171,199,dog,8,3,159,187
1332c50c-dogs_00037.jpg,255,255,dog,58,25,209,214
132f0578-panda_00141.jpg,468,500,panda,93,60,332,440
1324d342-panda_00523.jpg,461,500,panda,55,15,451,485
12fb946e-dogs_00120.jpg,499,499,dog,4,0,484,484
12d3d7d7-dogs_00754.jpg,499,375,dog,54,26,469,371
12a93b5a-cats_00209.jpg,320,269,cat,3,29,307,242
126e8d68-cats_00130.jpg,500,279,cat,20,27,425,262
126def5a-cats_00531.jpg,180,137,cat,3,15,162,121
12537157-dogs_00146.jpg,180,188,dog,21,7,169,186
121da458-panda_00142.jpg,500,375,panda,50,191,385,363
12055195-cats_00676.jpg,267,479,cat,0,9,242,450
11f959d2-dogs_00100.jpg,463,499,dog,18,14,449,484
11ed4db3-cats_00608.jpg,499,312,cat,119,37,459,265
11ceb91a-dogs_00839.jpg,345,456,dog,58,4,310,401
11c389b1-dogs_00792.jpg,179,172,dog,12,0,173,172
117a86d1-cats_00701.jpg,500,330,cat,170,56,360,326
1172339a-panda_00084.jpg,500,375,panda,190,97,360,300
11563ff1-dogs_00703.jpg,349,291,dog,6,14,328,276
1125f070-cats_00135.jpg,240,239,cat,4,23,220,210
111d5ff6-cats_00656.jpg,499,375,cat,139,37,329,367
1118bf89-panda_00538.jpg,500,400,panda,10,28,450,392
10f4bb0e-dogs_00147.jpg,500,374,dog,5,3,435,359
10c326ee-panda_00284.jpg,375,500,panda,3,75,300,420
10bdcb61-dogs_00719.jpg,500,374,dog,30,3,490,362
10bcced3-cats_00743.jpg,480,272,cat,14,19,475,250
10b954d2-dogs_00288.jpg,385,499,dog,3,19,358,479
10b91bae-dogs_00236.jpg,389,499,dog,23,29,377,494
10b3f4ed-cats_00826.jpg,499,374,cat,94,100,414,280
10941958-panda_00080.jpg,875,697,panda,78,160,393,543
10874cac-dogs_00848.jpg,349,262,dog,160,73,300,241
107101fb-cats_00745.jpg,500,428,cat,25,0,490,419
104dc9fc-dogs_00801.jpg,349,262,dog,83,41,321,243
10497267-panda_00570.jpg,500,375,panda,230,120,340,191
10456169-dogs_00205.jpg,373,500,dog,37,40,343,445
103c83e8-dogs_00301.jpg,499,375,dog,119,0,389,333
103407f4-dogs_00124.jpg,313,221,dog,6,22,259,216
10315637-panda_00941.jpg,500,375,panda,5,82,435,341
1011f791-panda_00302.jpg,500,375,panda,75,18,425,315
0fef1c17-dogs_00476.jpg,500,374,dog,10,48,470,344
0fe742c3-panda_00156.jpg,500,375,panda,5,82,490,345
0fd5ffd0-cats_00421.jpg,359,332,cat,21,9,337,325
0fac0b27-panda_00703.jpg,375,500,panda,101,180,225,305
0fa266b8-cats_00201.jpg,352,416,cat,38,8,337,399
0f8ed21f-cats_00182.jpg,300,221,cat,24,24,252,198
0f6f49b2-cats_00985.jpg,400,394,cat,44,3,384,390
0f63f952-dogs_00139.jpg,125,251,dog,5,20,113,233
0f462637-cats_00468.jpg,500,427,cat,65,21,445,418
0f0b8034-cats_00458.jpg,412,500,cat,37,15,370,485
0eca3c8a-cats_00641.jpg,500,407,cat,35,56,465,366
0ec9299e-cats_00133.jpg,469,433,cat,18,0,464,415
0ead0366-panda_00173.jpg,1014,760,panda,223,68,861,699
0ea1f58a-panda_00307.jpg,500,375,panda,160,15,445,360
0e818fe2-cats_00376.jpg,239,240,cat,9,4,227,232
0e67bd48-dogs_00859.jpg,452,369,dog,153,47,442,280
0e3826b0-cats_00578.jpg,499,375,cat,119,11,304,363
0e1aea3b-dogs_00886.jpg,200,149,dog,12,8,166,141
0dec3e14-dogs_00625.jpg,415,480,dog,8,4,394,456
0dea3658-dogs_00865.jpg,499,375,dog,69,101,334,363
0dc490cf-panda_00161.jpg,500,333,panda,170,83,335,256
0dc2a4cc-dogs_00688.jpg,300,483,dog,9,43,282,473
0db09056-panda_00682.jpg,998,748,panda,29,134,728,725
0d36402c-panda_00848.jpg,500,375,panda,155,112,425,345
0d26105a-panda_00151.jpg,500,375,panda,160,41,485,247
0d1ce55c-cats_00485.jpg,299,289,cat,8,8,275,283
0d0b6867-dogs_00228.jpg,500,374,dog,35,7,465,366
0d04ce5d-dogs_00222.jpg,476,499,dog,95,79,352,429
0cf609c6-panda_00386.jpg,500,375,panda,120,105,260,300
0cee6f7f-dogs_00276.jpg,214,221,dog,21,6,188,207
0ce1bdf7-panda_00528.jpg,500,375,panda,165,60,425,367
0cde0042-cats_00387.jpg,499,333,cat,209,133,414,256
0cd62301-cats_00192.jpg,499,375,cat,179,210,309,375
0cc582ad-dogs_00250.jpg,391,500,dog,27,80,351,425
0cbf37fd-dogs_00345.jpg,281,242,dog,36,31,224,225
0cb51afe-cats_00258.jpg,239,157,cat,4,0,59,113
0c7200be-panda_00966.jpg,594,454,panda,112,0,588,449
0c708690-panda_00494.jpg,500,375,panda,105,93,435,363
0c670ec1-panda_00843.jpg,500,465,panda,195,23,455,390
0c557d57-panda_00086.jpg,425,500,panda,42,60,399,425
0c4c6fcd-dogs_00184.jpg,285,499,dog,42,4,267,489
0c2de92f-cats_00874.jpg,499,431,cat,9,8,264,353
0c00f7b1-panda_00275.jpg,500,375,panda,165,135,295,322
0be51214-panda_00606.jpg,500,375,panda,215,150,345,333
0be49b14-dogs_00545.jpg,499,375,dog,164,33,444,371
0b8d727a-cats_00380.jpg,499,329,cat,84,36,459,305
0b57cd0a-cats_00411.jpg,499,375,cat,249,3,439,206
0b1f4f90-dogs_00822.jpg,445,499,dog,17,69,369,419
0abee4d8-panda_00573.jpg,500,411,panda,70,12,350,394
0a68dd7e-cats_00929.jpg,500,374,cat,115,3,420,370
0a57cba6-cats_00787.jpg,499,332,cat,0,33,349,328
0a38f991-dogs_00386.jpg,390,392,dog,3,3,370,384
0a1d797e-dogs_00349.jpg,499,375,dog,64,0,474,318
09d61f6b-panda_00313.jpg,500,334,panda,135,0,495,313
09b0f49d-cats_00835.jpg,308,499,cat,18,0,286,484
09926361-cats_00943.jpg,500,374,cat,150,0,295,362
096c4463-dogs_00158.jpg,381,499,dog,0,0,365,494
0969fb25-cats_00857.jpg,380,500,cat,15,0,361,485
093fdb42-panda_00005.jpg,500,408,panda,50,8,465,395
0933534b-cats_00742.jpg,299,204,cat,17,44,290,197
091c5c50-dogs_00624.jpg,499,377,dog,219,52,329,256
09075278-cats_00629.jpg,302,359,cat,15,25,280,355
08b1b430-panda_00181.jpg,500,387,panda,0,73,410,383
08a63041-cats_00350.jpg,500,374,cat,20,104,355,336
087d30ec-panda_00580.jpg,500,375,panda,195,108,370,288
08729614-cats_00655.jpg,500,374,cat,130,33,400,370
085ef081-cats_00803.jpg,436,360,cat,4,18,422,334
08518ac2-cats_00504.jpg,499,426,cat,39,4,489,408
08314215-dogs_00077.jpg,500,373,dog,130,119,335,369
0815185d-panda_00632.jpg,500,375,panda,75,63,475,371
07f68648-panda_00015.jpg,783,500,panda,0,5,602,480
07d50d45-cats_00486.jpg,499,266,cat,219,66,494,242
07c26af4-cats_00834.jpg,500,178,cat,225,0,495,178
07b51712-cats_00725.jpg,500,332,cat,50,6,285,328
07b4397c-dogs_00216.jpg,398,500,dog,23,25,354,485
07881d83-panda_00906.jpg,500,414,panda,50,28,415,409
07879379-dogs_00760.jpg,500,332,dog,120,0,430,328
076b19ad-dogs_00737.jpg,500,433,dog,0,0,445,420
07601e21-dogs_00893.jpg,500,374,dog,15,63,395,265
071e6b02-cats_00287.jpg,499,500,cat,179,65,464,390
070c7d35-dogs_00431.jpg,500,481,dog,15,38,455,442
070201ba-dogs_00256.jpg,400,299,dog,72,8,368,272
06ebfa71-dogs_00024.jpg,481,499,dog,62,4,437,489
06e354e1-panda_00710.jpg,388,510,panda,65,25,244,494
06aa6257-panda_00844.jpg,500,375,panda,0,67,310,345
06a97203-dogs_00933.jpg,500,413,dog,45,4,460,404
069fe558-panda_00198.jpg,500,375,panda,30,30,485,375
0692cc8a-cats_00894.jpg,300,256,cat,27,25,279,243
06919bf5-cats_00274.jpg,349,262,cat,97,39,258,225
068fb1d6-dogs_00733.jpg,146,145,dog,18,14,110,111
0672106e-cats_00490.jpg,499,375,cat,179,0,354,363
066c9c7d-dogs_00712.jpg,206,187,dog,4,48,158,175
064dd268-dogs_00245.jpg,499,333,dog,279,99,484,243
06443b7f-panda_00839.jpg,375,500,panda,0,45,337,500
0634d0cf-panda_00770.jpg,500,401,panda,15,24,435,388
05f3ee2d-cats_00498.jpg,200,172,cat,6,3,192,170
059edfc2-panda_00064.jpg,500,486,panda,5,19,455,481
05774187-dogs_00385.jpg,435,500,dog,4,15,417,490
054cfa4d-cats_00717.jpg,499,375,cat,74,37,324,270
052f7cc5-cats_00169.jpg,499,375,cat,39,120,354,322
052e0265-panda_00871.jpg,375,500,panda,108,130,371,435
05268a84-panda_00886.jpg,500,378,panda,50,68,345,332
05019449-panda_00778.jpg,500,471,panda,15,18,445,466
04fef93c-cats_00801.jpg,149,200,cat,1,2,147,198
04ecdbbf-dogs_00502.jpg,399,300,dog,7,6,275,300
04eae43b-panda_00748.jpg,451,500,panda,103,150,392,430
04dee250-cats_00157.jpg,478,499,cat,43,19,473,484
04d1d76a-dogs_00339.jpg,284,282,dog,161,81,232,208
049e534a-panda_00933.jpg,500,334,panda,215,113,315,237
049cd97f-cats_00141.jpg,500,374,cat,10,0,365,366
04271d14-panda_00129.jpg,500,375,panda,210,75,480,363
03fa3576-panda_00951.jpg,500,375,panda,125,78,355,341
03f870ca-dogs_00981.jpg,299,294,dog,86,0,227,279
017b77fc-panda_00550.jpg,500,375,panda,165,15,455,337
7b93be29-cats_00128.jpg,434,499,cat,21,9,416,479
24e016dc-cats_00127.jpg,500,374,cat,95,0,275,370
773b6eb8-cats_00126.jpg,414,319,cat,28,31,397,232
d22734ba-cats_00125.jpg,299,184,cat,11,1,281,167
d447d0ca-cats_00124.jpg,333,259,cat,29,28,329,225
479a9aad-cats_00111.jpg,199,150,cat,87,24,173,114
5159b4ad-cats_00054.jpg,118,198,cat,10,0,103,178
3b588a67-cats_00123.jpg,336,426,cat,20,0,319,417
33ea9eb1-cats_00121.jpg,215,323,cat,15,0,189,313
a268ac17-cats_00120.jpg,359,500,cat,57,15,294,450
cd87939d-cats_00119.jpg,196,215,cat,11,4,186,206
e7130b5a-cats_00118.jpg,359,270,cat,39,13,297,253
8035b65d-cats_00117.jpg,500,374,cat,15,33,495,370
cc2cdd03-cats_00116.jpg,387,499,cat,38,19,344,434
476b3e95-cats_00115.jpg,319,320,cat,6,0,315,275
8f1ec296-cats_00114.jpg,312,431,cat,56,4,255,392
719998c8-cats_00113.jpg,190,176,cat,11,1,172,174
c469db7f-cats_00110.jpg,500,289,cat,30,17,465,257
3720a2fc-cats_00109.jpg,399,315,cat,167,31,379,248
31971447-cats_00107.jpg,499,375,cat,79,45,489,352
165c8de9-cats_00106.jpg,382,451,cat,19,22,343,446
0fee2560-cats_00105.jpg,297,302,cat,5,21,294,280
67e57990-cats_00104.jpg,500,374,cat,75,3,355,265
49ec3016-cats_00103.jpg,320,239,cat,102,7,195,227
519199ed-cats_00101.jpg,499,377,cat,214,0,349,90
903aa83f-cats_00102.jpg,185,109,cat,7,5,173,107
dd316974-cats_00100.jpg,360,269,cat,36,0,345,231
39eed2f6-cats_00099.jpg,500,374,cat,45,33,350,355
37e071d7-cats_00098.jpg,372,322,cat,3,25,312,312
5a7d2dd8-cats_00097.jpg,349,310,cat,118,3,335,306
913b5830-cats_00096.jpg,175,153,cat,3,9,173,151
0dbafdc5-cats_00095.jpg,499,457,cat,14,4,484,452
905f2962-cats_00094.jpg,500,328,cat,10,3,490,308
0baefa98-cats_00093.jpg,317,500,cat,60,30,282,480
7c6564a3-cats_00092.jpg,499,319,cat,29,25,494,309
ab9d314f-cats_00091.jpg,126,187,cat,8,5,114,175
48b4e6e1-cats_00090.jpg,219,300,cat,39,0,166,291
d8d20ffe-cats_00089.jpg,425,456,cat,38,13,408,451
94398f5d-cats_00088.jpg,499,375,cat,94,52,469,322
bbbd3799-cats_00087.jpg,247,499,cat,39,9,227,489
a81e10fd-cats_00085.jpg,374,500,cat,138,120,287,425
bd37a97b-cats_00084.jpg,499,500,cat,0,70,234,490
3d95ff4e-cats_00083.jpg,415,450,cat,33,4,373,436
70b9c60c-cats_00082.jpg,500,374,cat,155,123,395,325
b7ef0f58-cats_00080.jpg,500,374,cat,180,112,465,273
4900bac0-cats_00079.jpg,500,332,cat,0,29,430,328
c821cca4-cats_00078.jpg,479,360,cat,191,57,435,356
17b0c889-cats_00077.jpg,499,375,cat,149,48,319,285
ae421a06-cats_00076.jpg,483,500,cat,24,20,400,285
6e43d148-cats_00075.jpg,499,375,cat,44,7,484,367
42ba6add-cats_00073.jpg,500,374,cat,60,0,495,362
b861eb92-cats_00072.jpg,500,374,cat,50,0,355,366
f1272d43-cats_00070.jpg,136,118,cat,5,0,125,116
fafaa6fa-cats_00068.jpg,499,375,cat,39,15,364,277
d6850522-cats_00066.jpg,500,374,cat,0,0,350,220
90138c92-cats_00065.jpg,499,375,cat,134,60,334,225
4866a82b-cats_00064.jpg,250,166,cat,0,3,230,152
e953c0bb-cats_00063.jpg,451,351,cat,49,56,302,312
22ec391c-cats_00062.jpg,309,500,cat,52,10,302,485
d238c4e6-cats_00060.jpg,487,499,cat,238,194,462,439
a3f41454-cats_00059.jpg,500,374,cat,95,56,445,370
f419d127-cats_00057.jpg,499,375,cat,69,60,439,337
63d7a103-cats_00053.jpg,447,294,cat,4,61,438,285
b4416bc4-cats_00051.jpg,448,500,cat,8,15,394,500
f90f25be-cats_00050.jpg,262,499,cat,0,24,256,494
7c83462c-cats_00049.jpg,200,149,cat,106,17,188,132
9ee4acdc-cats_00048.jpg,500,395,cat,55,35,475,359
9dd20c28-cats_00046.jpg,500,307,cat,175,42,455,242
9fbc36b3-cats_00043.jpg,499,375,cat,244,120,414,232
0ee7ba38-cats_00042.jpg,500,374,cat,85,0,495,366
ee8b8063-cats_00041.jpg,403,499,cat,28,9,394,489
0be8ead6-cats_00040.jpg,500,374,cat,0,37,500,370
16f9d69f-cats_00039.jpg,299,225,cat,104,72,296,213
284eca5b-cats_00038.jpg,499,342,cat,24,47,424,335
abf3d751-cats_00037.jpg,440,373,cat,92,48,435,324
3102a2be-cats_00036.jpg,350,299,cat,0,14,346,215
dba0d6b5-cats_00035.jpg,500,442,cat,25,13,490,424
7c80df0c-cats_00034.jpg,320,239,cat,153,54,217,174
30eebf2c-cats_00033.jpg,499,375,cat,89,0,414,363
0ae4aa60-cats_00031.jpg,500,332,cat,165,53,490,328
819b612e-cats_00030.jpg,391,500,cat,27,20,344,450
d84c7a20-cats_00029.jpg,499,375,cat,139,112,294,371
4e127a63-cats_00028.jpg,499,374,cat,134,123,334,370
28a9bded-cats_00027.jpg,500,374,cat,140,3,480,295
3b6089c0-cats_00025.jpg,350,225,cat,3,9,336,211
1d89e833-cats_00024.jpg,499,375,cat,209,0,354,303
49b4470c-cats_00023.jpg,500,333,cat,315,49,435,289
4e5b3515-cats_00022.jpg,378,500,cat,22,15,370,490
140fea40-cats_00021.jpg,261,499,cat,18,9,245,484
2a7b4a7a-cats_00020.jpg,500,374,cat,5,18,490,366
d86ec33a-cats_00017.jpg,499,313,cat,234,43,484,281
73b17aae-cats_00016.jpg,499,440,cat,109,0,384,391
1f736ebf-cats_00015.jpg,480,359,cat,33,46,460,341
371e86df-cats_00014.jpg,500,374,cat,5,11,485,366
b7c40672-cats_00012.jpg,319,240,cat,0,7,252,213
bd837aa9-cats_00011.jpg,145,140,cat,4,2,137,123
c5affe33-cats_00010.jpg,500,438,cat,20,30,485,416
a479ea0f-cats_00009.jpg,356,422,cat,3,29,352,409
259cfbca-cats_00008.jpg,499,471,cat,64,4,494,466
6731de15-cats_00007.jpg,277,499,cat,30,24,235,399
8d816e38-cats_00006.jpg,499,332,cat,4,0,444,322
03e15058-dogs_00525.jpg,499,248,dog,9,24,459,238
03bf1e46-dogs_00537.jpg,400,395,dog,12,15,388,391
03a730ea-panda_00785.jpg,497,500,panda,49,45,477,495
039fbf33-panda_00114.jpg,500,419,panda,30,20,495,398
039a8849-cats_00710.jpg,500,439,cat,35,39,380,399
0387488c-panda_00208.jpg,500,375,panda,50,33,410,363
03456884-dogs_00902.jpg,399,300,dog,135,117,267,225
03442ace-dogs_00823.jpg,431,378,dog,51,49,418,347
033c4f93-cats_00352.jpg,499,375,cat,79,37,239,315
0333d005-cats_00898.jpg,474,488,cat,18,48,459,463
032ae183-panda_00106.jpg,500,375,panda,85,7,485,371
032855de-cats_00838.jpg,500,499,cat,65,9,500,484
02df36de-dogs_00658.jpg,329,330,dog,23,19,322,326
02ac06b4-dogs_00423.jpg,308,500,dog,12,0,267,480
02902842-cats_00294.jpg,299,225,cat,26,33,293,193
0274bab7-cats_00931.jpg,463,499,cat,0,4,458,494
0256788c-dogs_00578.jpg,499,375,dog,184,0,439,371
022d1357-cats_00739.jpg,500,374,cat,115,0,460,374
020d0968-dogs_00400.jpg,271,206,dog,32,24,230,170
020b51bd-cats_00728.jpg,373,301,cat,59,42,339,240
01f3cf90-panda_00165.jpg,500,375,panda,110,60,355,371
01d53491-panda_00995.jpg,500,375,panda,10,41,435,371
01cf41d8-panda_00168.jpg,500,375,panda,5,33,390,356
01be14e9-panda_00167.jpg,375,500,panda,0,80,363,490
0192026c-dogs_00867.jpg,299,374,dog,20,26,272,370
018c9efe-panda_00859.jpg,800,599,panda,216,245,552,593
0160100b-panda_00587.jpg,500,334,panda,115,56,335,310
0153a5ca-panda_00789.jpg,500,375,panda,135,75,355,371
01407837-panda_00194.jpg,500,335,panda,15,0,445,324
0130b11a-cats_00550.jpg,399,309,cat,0,6,383,250
012f19a0-panda_00191.jpg,500,375,panda,35,26,275,315
012739b2-panda_00155.jpg,500,375,panda,80,37,430,371
0125e14f-cats_00086.jpg,499,375,cat,74,41,469,367
00ca6e0d-cats_00238.jpg,500,374,cat,115,11,495,291
00a85332-dogs_00424.jpg,428,499,dog,8,9,423,494
01043460-cats_00460.jpg,499,375,cat,239,11,399,371
00e0c5cf-panda_00095.jpg,500,375,panda,130,112,315,371
009ccc71-cats_00211.jpg,199,300,cat,3,33,183,276
00998f66-cats_00906.jpg,323,459,cat,0,32,303,454
006bb34d-dogs_00743.jpg,496,499,dog,0,4,491,494
0061475d-cats_00317.jpg,500,380,cat,35,34,465,361
0055b2dc-cats_00449.jpg,356,499,cat,3,9,341,494
00500e5d-dogs_00391.jpg,500,374,dog,200,67,415,370
0047b302-dogs_00111.jpg,188,270,dog,41,18,148,264
001346d3-cats_00337.jpg,253,238,cat,55,16,232,218
000e2350-cats_00419.jpg,196,147,cat,37,23,172,132
00082e95-dogs_00131.jpg,499,375,dog,69,30,474,326
3f129f37-dogs_00001.jpg,382,478,dog,30,14,351,473
54e72c6e-cats_00005.jpg,500,374,cat,20,22,375,276
5a2570c3-cats_00004.jpg,500,390,cat,30,7,475,366
b760f79d-cats_00003.jpg,120,88,cat,18,14,102,76
fe71af7f-cats_00002.jpg,499,375,cat,0,93,494,337
5224436d-cats_00001.jpg,500,374,cat,125,37,490,359
